id	word	english	sentence
나#0	나	I, me (plain)	나는 오늘 학원에 안 가.
나#1	나	I, me (plain)	내가 먼저 전화할게.
-(으)ㄴ데/-는데#0	-(으)ㄴ데/-는데	background/contrast; trailing "but..."	숙제는 다 했는데 너무 졸려.
-(으)ㄴ데/-는데#1	-(으)ㄴ데/-는데	background/contrast; trailing "but..."	지금 비가 오는데 우산 있어?
하다#0	하다	to do	이번 주말에 뭐 할 거야?
하다#1	하다	to do	오늘은 도서관에서 공부를 했어요.
아니다#0	아니다	to not be	그건 내 가방이 아니야.
아니다#1	아니다	to not be	걔는 우리 반 학생이 아니에요.
선생님#0	선생님	teacher (honorific)	선생님, 질문이 있어요.
선생님#1	선생님	teacher (honorific)	담임 선생님이 오늘 좀 무서웠어.
그렇다#0	그렇다	to be so	정말 그렇구나, 몰랐어.
그렇다#1	그렇다	to be so	친구한테 그런 말은 하지 마.
안#0	안	not; inside	나 아직 밥 안 먹었어.
안#1	안	not; inside	교실 안이 너무 더워요.
좀#0	좀	a little; please	이 짐 좀 같이 들어 줄래?
좀#1	좀	a little; please	오늘은 좀 피곤해요.
무슨#0	무슨	what (kind of)	무슨 노래 듣고 있어?
무슨#1	무슨	what (kind of)	오늘 무슨 요일이지?
친구#0	친구	friend	친구랑 같이 학원에 가요.
친구#1	친구	friend	그 친구는 중학교 때부터 친했어.
-(으)면#0	-(으)면	if, when	시험이 끝나면 놀러 가자.
-(으)면#1	-(으)면	if, when	배고프면 이거 먹어.
-다고#0	-다고	quoting ("that...")	민지가 오늘 늦는다고 했어.
-다고#1	-다고	quoting ("that...")	선생님이 내일 시험 본다고 하셨어요.
그래#0	그래	right, yes	그래, 학원 끝나고 같이 가자.
그래#1	그래	right, yes	그래? 나는 전혀 몰랐어.
아니#0	아니	no; I mean	아니, 나 아직 점심 안 먹었어.
아니#1	아니	no; I mean	아니, 내 말은 그게 아니라.
와#0	와	wow	와, 이 떡볶이 진짜 맛있다!
와#1	와	wow	와, 너 방학 동안 키 많이 컸네!
-(으)니까#0	-(으)니까	because, since	비가 오니까 우산 챙겨.
-(으)니까#1	-(으)니까	because, since	시험이 내일이니까 일찍 자야 돼.
-만#0	-만	only	나만 숙제를 안 했어.
-만#1	-만	only	오늘은 물만 마셨어요.
같다#0	같다	to be the same	우리 둘이 생일이 같아!
같다#1	같다	to be the same	너랑 나는 같은 반이야.
그렇게#0	그렇게	like that, so	그렇게 말하면 내가 서운하지.
그렇게#1	그렇게	like that, so	오늘은 그렇게 춥지 않아요.
내일#0	내일	tomorrow	내일 수학 시험이 있어요.
내일#1	내일	tomorrow	내일 학교 끝나고 만나자.
누구#0	누구	who	이거 누구 핸드폰이야?
누구#1	누구	who	누가 칠판에 이걸 썼어?
더#0	더	more	밥 좀 더 먹어도 돼요?
더#1	더	more	어제보다 오늘이 더 추워.
명#0	명	counter (people)	우리 반은 서른 명이에요.
명#1	명	counter (people)	동아리에 두 명이 새로 들어왔어.
소개팅#0	소개팅	blind date	친구가 소개팅을 시켜 준대.
소개팅#1	소개팅	blind date	소개팅 어땠어? 말해 봐!
왕따#0	왕따	outcast, bullied kid (slang)	왕따는 절대 하면 안 돼요.
왕따#1	왕따	outcast, bullied kid (slang)	전학생이 왕따가 될까 봐 걱정이야.
정말#0	정말	really	도와줘서 정말 고마워!
정말#1	정말	really	너 정말 그 시험 다 맞았어?
한#0	한	one; (form of 하다)	사과 한 개만 주세요.
한#1	한	one; (form of 하다)	어제 내가 한 말 기억나?
-(으)니#0	-(으)니	because; when (discovering)	집에 오니 아무도 없었어.
-(으)니#1	-(으)니	because; when (discovering)	날씨가 추우니 따뜻하게 입어요.
-다니까#0	-다니까	I'm telling you!	진짜 나 아니라니까!
-다니까#1	-다니까	I'm telling you!	이거 맛있다니까, 먹어 봐.
-아/어야 하다/되다#0	-아/어야 하다/되다	have to	오늘 숙제를 다 해야 돼.
-아/어야 하다/되다#1	-아/어야 하다/되다	have to	내일 일찍 일어나야 해요.
감사하다#0	감사하다	to thank	도와주셔서 감사합니다.
감사하다#1	감사하다	to thank	선생님께 정말 감사했어요.
그것#0	그것	that (thing)	책상 위에 있는 그것 좀 줘.
그것#1	그것	that (thing)	그 필통 어디서 샀어?
눈#0	눈	eye; snow	눈이 너무 아파서 안경을 썼어.
눈#1	눈	eye; snow	와, 창밖에 눈이 온다!
대화#0	대화	conversation	엄마랑 오랜만에 대화를 했어요.
대화#1	대화	conversation	단톡방 대화가 너무 많아.
말(을) 걸다#0	말(을) 걸다	to talk to, strike up a conversation	새 친구한테 먼저 말을 걸었어.
말(을) 걸다#1	말(을) 걸다	to talk to, strike up a conversation	모르는 사람이 말을 걸어서 놀랐어.
뭔가#0	뭔가	somehow; something	오늘 뭔가 기분이 이상해.
뭔가#1	뭔가	somehow; something	뭔가 먹고 싶은데 뭐 먹지?
버스#0	버스	bus	버스를 놓쳐서 지각했어요.
버스#1	버스	bus	학교까지 버스로 이십 분 걸려.
썰#0	썰	story, anecdote (slang)	어제 학원에서 있었던 썰 풀게.
썰#1	썰	story, anecdote (slang)	그 썰 진짜야? 대박이다.
역시#0	역시	as expected	역시 우리 반에서 네가 최고야!
역시#1	역시	as expected	역시 시험 전날엔 잠이 안 와.
이렇게#0	이렇게	like this	이렇게 하면 더 쉬워요.
이렇게#1	이렇게	like this	이렇게 추울 줄 몰랐어.
재밌다#0	재밌다	to be fun	이 영화 진짜 재밌다!
재밌다#1	재밌다	to be fun	체육 시간이 제일 재밌어요.
풀어지다#0	풀어지다	to loosen up, slack off	시험 끝나니까 다들 풀어졌어.
풀어지다#1	풀어지다	to loosen up, slack off	방학이라고 너무 풀어지면 안 돼.
혹시#0	혹시	by any chance	혹시 남는 펜 하나 있어?
혹시#1	혹시	by any chance	혹시 내 이어폰 봤어요?
-(으)ㄴ 것 같다#0	-(으)ㄴ 것 같다	seems like	너 오늘 좀 피곤한 것 같아.
-(으)ㄴ 것 같다#1	-(으)ㄴ 것 같다	seems like	선생님이 화가 나신 것 같아요.
-(으)ㄹ 때#0	-(으)ㄹ 때	when	밥 먹을 때 핸드폰 보지 마.
-(으)ㄹ 때#1	-(으)ㄹ 때	when	어릴 때 이 동네에 살았어요.
-(으)ㄹ걸#0	-(으)ㄹ걸	probably (guess)	걔는 벌써 집에 갔을걸.
-(으)ㄹ걸#1	-(으)ㄹ걸	probably (guess)	아마 내일 아침에 비 올걸?
-(으)러 가다#0	-(으)러 가다	go (in order) to	종 쳤다, 점심 먹으러 가자!
-(으)러 가다#1	-(으)러 가다	go (in order) to	도서관에 책 빌리러 가요.
-(이)라면#0	-(이)라면	if it is	너라면 어떻게 할 거야?
-(이)라면#1	-(이)라면	if it is	떡볶이라면 매일 먹을 수 있어.
-ㄴ대서#0	-ㄴ대서	because (someone) said	비가 온대서 우산을 가져왔어.
-ㄴ대서#1	-ㄴ대서	because (someone) said	맛있대서 가 봤는데 별로였어.
-구먼/-구만#0	-구먼/-구만	oh, I see... (casual realization)	너 공부 열심히 하는구먼!
-구먼/-구만#1	-구먼/-구만	oh, I see... (casual realization)	벌써 도시락 다 먹었구만.
-기는 하다#0	-기는 하다	it is..., but (admittedly)	맛있기는 한데 너무 비싸.
-기는 하다#1	-기는 하다	it is..., but (admittedly)	공부하기는 했는데 다 까먹었어.
-나 보다#0	-나 보다	it seems that	다들 우산을 쓰네, 비가 오나 봐.
-나 보다#1	-나 보다	it seems that	걔 오늘 아픈가 보네.
-다는#0	-다는	reported modifier ("that...")	내일 시험이 없다는 말 진짜야?
-다는#1	-다는	reported modifier ("that...")	전학 간다는 소문 들었어?
-던데#0	-던데	I noticed that... (recollection)	그 카페 케이크 맛있던데.
-던데#1	-던데	I noticed that... (recollection)	너 어제 학원에 없던데?
-아/어 달라고#0	-아/어 달라고	asking (someone) to do (quoted)	친구가 숙제를 보여 달라고 했어.
-아/어 달라고#1	-아/어 달라고	asking (someone) to do (quoted)	엄마한테 용돈 올려 달라고 부탁했어.
-아/어도 좋다#0	-아/어도 좋다	it's fine to	이제 집에 가도 좋아요.
-아/어도 좋다#1	-아/어도 좋다	it's fine to	필요하면 내 공책 봐도 좋아.
-었더니#0	-었더니	when I did..., (then)	일찍 잤더니 개운해요.
-었더니#1	-었더니	when I did..., (then)	열심히 공부했더니 성적이 올랐어!
-자니까#0	-자니까	I said let's! (insisting)	빨리 가자니까, 늦겠어!
-자니까#1	-자니까	I said let's! (insisting)	내가 같이 먹자니까 왜 안 와?
-처럼#0	-처럼	like, as	너처럼 노래 잘하고 싶어.
-처럼#1	-처럼	like, as	오늘은 여름처럼 더워요.
가장#0	가장	most	우리 반에서 누가 가장 키가 커?
가장#1	가장	most	가장 좋아하는 과목이 뭐예요?
거짓말#0	거짓말	lie	거짓말하지 마, 다 알아.
거짓말#1	거짓말	lie	숙제를 했다고 거짓말을 했어.
걸어가다#0	걸어가다	to walk (to)	학교까지 걸어가요.
걸어가다#1	걸어가다	to walk (to)	날씨가 좋아서 걸어갔어.
고등학생#0	고등학생	high schooler	나도 이제 고등학생이야.
고등학생#1	고등학생	high schooler	고등학생은 공부할 게 많아요.
교내#0	교내	on campus, within the school	교내에서는 핸드폰을 쓰면 안 돼요.
교내#1	교내	on campus, within the school	교내 노래 대회에 나갔어.
그#0	그	that; he	네가 빌려준 그 책 진짜 재밌어.
그#1	그	that; he	그 사람 우리 학교 선배야.
그럼#0	그럼	then, in that case	그럼 내일 학교에서 보자.
그럼#1	그럼	then, in that case	그럼 내가 먼저 갈게.
근데#0	근데	but, by the way	근데 너 수학 숙제 했어?
근데#1	근데	but, by the way	맛있어. 근데 좀 짠 것 같아.
끝나다#0	끝나다	to end, finish	수업이 언제 끝나요?
끝나다#1	끝나다	to end, finish	드디어 시험이 끝났다!
내 말이#0	내 말이	that's what I'm saying, exactly	내 말이! 숙제가 너무 많아.
내 말이#1	내 말이	that's what I'm saying, exactly	내 말이, 그 선생님 진짜 무서워.
너네#0	너네	you guys (casual)	너네 반 오늘 체육 있어?
너네#1	너네	you guys (casual)	너네 수업 끝나고 어디 가?
다들#0	다들	everyone	다들 점심 맛있게 먹었어?
다들#1	다들	everyone	다들 시험 때문에 바빠요.
다정하다#0	다정하다	to be affectionate, kind	우리 언니는 진짜 다정해.
다정하다#1	다정하다	to be affectionate, kind	선배가 다정하게 길을 알려 줬어.
당황하다#0	당황하다	to be flustered	갑자기 질문을 받아서 당황했어.
당황하다#1	당황하다	to be flustered	당황하지 말고 천천히 말해.
대신하다#0	대신하다	to take the place of	오늘은 반장이 선생님을 대신했어요.
대신하다#1	대신하다	to take the place of	말로 고마움을 대신할게.
동갑#0	동갑	same age	우리 둘이 동갑이야.
동갑#1	동갑	same age	동갑이니까 말 놓자!
등#0	등	lamp; back	책상 위에 등이 켜져 있어요.
등#1	등	lamp; back	가방이 무거워서 등이 아파.
딱#0	딱	exactly, just right	이 옷 나한테 딱 맞아.
딱#1	딱	exactly, just right	딱 오 분만 기다려 줘.
마주치다#0	마주치다	to run into; (eyes) meet	복도에서 선배랑 눈이 마주쳤어.
마주치다#1	마주치다	to run into; (eyes) meet	학원 앞에서 담임 선생님을 마주쳤어.
말#0	말	word; horse	걔가 전학 간다는 그 말 진짜야?
말#1	말	word; horse	동물원에서 말을 처음 봤어요.
맞다#0	맞다	to be right; be hit	생각해 보니까 네 말이 맞아.
맞다#1	맞다	to be right; be hit	맞다! 오늘 체육복 가져와야 돼.
먹칠하다#0	먹칠하다	to disgrace (lit. smear ink)	학교 얼굴에 먹칠하지 마.
먹칠하다#1	먹칠하다	to disgrace (lit. smear ink)	부모님 얼굴에 먹칠하고 싶지 않아.
모르다#0	모르다	to not know	이 문제 모르겠어요.
모르다#1	모르다	to not know	걔 이름을 아직 몰라.
문자하다#0	문자하다	to text	집에 도착하면 문자해.
문자하다#1	문자하다	to text	수업 시간에 문자하다가 걸렸어.
밑#0	밑	bottom; under	책상 밑에 가방을 놓아요.
밑#1	밑	bottom; under	침대 밑에서 이어폰을 찾았어.
밥#0	밥	rice; meal	학원 가기 전에 밥 먹었어?
밥#1	밥	rice; meal	엄마가 해 준 밥이 제일 맛있어.
벽#0	벽	wall	교실 벽에 시간표가 붙어 있어요.
벽#1	벽	wall	벽에 기대서 친구를 기다렸어.
보이다#0	보이다	to be seen	칠판 글씨가 잘 안 보여.
보이다#1	보이다	to be seen	창문으로 운동장이 보여요.
분#0	분	part, fraction; minute	엄마, 오 분만 더 잘게요.
분#1	분	part, fraction; minute	피자를 사 분의 일씩 나눠 먹었어.
뿐#0	뿐	only, just	나는 웃었을 뿐이야.
뿐#1	뿐	only, just	교실에 나 혼자뿐이었어.
사람#0	사람	person	사진 속 이 사람 누구야?
사람#1	사람	person	매점에 사람이 너무 많아요.
설명하다#0	설명하다	to explain	선생님이 문제를 쉽게 설명해 주셨어요.
설명하다#1	설명하다	to explain	내가 다시 설명해 줄게.
소리#0	소리	sound	밖에서 이상한 소리가 났어.
소리#1	소리	sound	핸드폰 소리 좀 줄여 줘.
수고하다#0	수고하다	to work hard (수고했어요 = good work)	오늘도 수고했어요!
수고하다#1	수고하다	to work hard (수고했어요 = good work)	다들 수고하셨습니다.
심지어#0	심지어	even, on top of that	늦잠을 잤고, 심지어 지갑도 잃어버렸어.
심지어#1	심지어	even, on top of that	심지어 선생님도 웃으셨어.
쓰니#0	쓰니	original poster, OP (slang)	이 글 쓰니는 고등학생이래.
쓰니#1	쓰니	original poster, OP (slang)	쓰니 마음 너무 이해돼요.
알다#0	알다	to know	나 그 노래 가사 다 알아!
알다#1	알다	to know	내일 시험 있는 거 알아?
약간#0	약간	a little	수업이 길어서 약간 배고파.
약간#1	약간	a little	이 문제는 약간 어려워요.
어쨌든#0	어쨌든	anyway	어쨌든 시험은 끝났어.
어쨌든#1	어쨌든	anyway	어쨌든 내일 다시 얘기하자.
언제#0	언제	when; anytime	너 오늘 언제 집에 와?
언제#1	언제	when; anytime	방학이 언제 시작해요?
얼른#0	얼른	quickly	얼른 와, 저기 버스 온다!
얼른#1	얼른	quickly	내일 학교 가야지, 얼른 씻고 자.
없이#0	없이	without	깜빡하고 지갑 없이 나왔어.
없이#1	없이	without	우산 없이 비를 맞았어요.
여기#0	여기	here	혹시 여기 앉아도 돼요?
여기#1	여기	here	나 여기 정문 앞에 있어!
연상#0	연상	older (person/partner)	언니 남친은 연상이래.
연상#1	연상	older (person/partner)	연상이 좋아, 연하가 좋아?
오빠#0	오빠	older brother (of a female)	우리 오빠는 대학생이에요.
오빠#1	오빠	older brother (of a female)	오빠, 나 학교까지 태워 줘!
울리다#0	울리다	to ring, echo; make cry	수업 중에 핸드폰이 울렸어.
울리다#1	울리다	to ring, echo; make cry	그 영화가 나를 울렸어.
유치원#0	유치원	kindergarten	동생은 유치원에 다녀요.
유치원#1	유치원	kindergarten	유치원 때부터 친구야.
이#0	이	this	이 노래 진짜 좋아, 들어 봐.
이#1	이	this	이 문제 푸는 법 좀 알려 줘.
이미지#0	이미지	image	걔는 착한 이미지야.
이미지#1	이미지	image	이미지를 저장해서 보내 줄게.
인사하다#0	인사하다	to greet	선생님께 공손하게 인사했어요.
인사하다#1	인사하다	to greet	아침에 만나면 인사해.
자#0	자	now, okay, here (getting attention)	자, 이제 시험 공부 시작하자.
자#1	자	now, okay, here (getting attention)	자, 다들 자리에 앉아!
잘#0	잘	well	너 노래 진짜 잘한다.
잘#1	잘	well	오늘 수고했어, 잘 자!
쟤#0	쟤	that kid (over there)	창가에 앉은 쟤 누구야?
쟤#1	쟤	that kid (over there)	쟤는 맨날 아침에 늦어.
전국#0	전국	the whole country, national	전국에서 일 등을 했대.
전국#1	전국	the whole country, national	전국 대회에 나가요.
점심시간#0	점심시간	lunchtime	점심시간에 축구하자.
점심시간#1	점심시간	lunchtime	점심시간이 너무 짧아요.
조용히#0	조용히	quietly	도서관에서는 조용히 해 주세요.
조용히#1	조용히	quietly	조용히 교실 문을 열었어.
좋아요#0	좋아요	a "like" (social media)	내 사진에 좋아요가 백 개야!
좋아요#1	좋아요	a "like" (social media)	내 새 사진에 좋아요 좀 눌러 줘.
주저#0	주저	hesitation	주저 없이 손을 들었어요.
주저#1	주저	hesitation	잠깐 주저하다가 말했어.
지그시#0	지그시	gently, quietly (gazing)	눈을 지그시 감고 음악을 들었어.
지그시#1	지그시	gently, quietly (gazing)	엄마가 나를 지그시 바라봤어요.
집#0	집	house; home	야자 너무 길어, 집에 가고 싶다.
집#1	집	house; home	친구 집에서 같이 공부했어.
쭉#0	쭉	straight; all along	이 길로 쭉 가면 학교예요.
쭉#1	쭉	straight; all along	어제 밤새 쭉 게임만 했어.
처음#0	처음	first time	이 식당은 처음 와 봐요.
처음#1	처음	first time	처음엔 수학이 너무 어려웠어.
큰일#0	큰일	big trouble	큰일 났다, 숙제를 놓고 왔어!
큰일#1	큰일	big trouble	지각하면 큰일이야.
하교#0	하교	leaving school (end of day)	하교 시간에 비가 왔어요.
하교#1	하교	leaving school (end of day)	하교할 때 같이 가자.
하필#0	하필	of all times/things	하필 오늘 시험이라니!
하필#1	하필	of all times/things	하필 우산 없는 날에 비가 와.
항상#0	항상	always	걔는 항상 웃고 있어.
항상#1	항상	always	엄마, 항상 챙겨 줘서 고마워요.
화상#0	화상	burn (injury)	뜨거운 물에 손을 데여 화상을 입었어.
화상#1	화상	burn (injury)	화상은 얼른 찬물로 식혀야 해요.
-(으)ㄴ데/는데#0	-(으)ㄴ데/는데	..., but / so... (background)	나 지금 바쁜데, 이따 전화할게.
-(으)ㄴ데/는데#1	-(으)ㄴ데/는데	..., but / so... (background)	이 빵 진짜 맛있는데?
-(으)ㄴ/는/ㄹ 것 같다#0	-(으)ㄴ/는/ㄹ 것 같다	seems like; I think	내일 비가 올 것 같아.
-(으)ㄴ/는/ㄹ 것 같다#1	-(으)ㄴ/는/ㄹ 것 같다	seems like; I think	이 답이 맞는 것 같아요.
하하#0	하하	haha	하하, 너 진짜 웃기다.
하하#1	하하	haha	하하, 그건 나도 몰랐네.
다녀오다#0	다녀오다	to go and come back	엄마, 학교 다녀오겠습니다!
다녀오다#1	다녀오다	to go and come back	나 매점 좀 금방 다녀올게.
어떻게#0	어떻게	how	이 문제 어떻게 풀어?
어떻게#1	어떻게	how	여기까지 어떻게 왔어요?
풀리다#0	풀리다	to come undone	뛰다가 신발 끈이 풀렸어.
풀리다#1	풀리다	to come undone	시험이 끝나니까 긴장이 풀렸어요.
걸다#0	걸다	to pick (a fight); to hang	벽에 시계를 걸었어요.
걸다#1	걸다	to pick (a fight); to hang	걔가 먼저 싸움을 걸었어.
다르다#0	다르다	to be different	우리는 성격이 너무 달라.
다르다#1	다르다	to be different	이 답은 내 답이랑 달라요.
먹다#0	먹다	to eat	점심에 김밥 먹었어.
먹다#1	먹다	to eat	아침을 안 먹어서 배고파.
우르르#0	우르르	in a crowd, all at once	종이 치자 학생들이 우르르 나갔어.
우르르#1	우르르	in a crowd, all at once	다들 매점으로 우르르 몰려갔어요.
장난#0	장난	joke, prank	장난이야, 화내지 마.
장난#1	장난	joke, prank	동생이 나한테 장난을 쳤어.
-(으)ㄴ가 보다#0	-(으)ㄴ가 보다	I guess...; it seems...	걔가 많이 바쁜가 봐.
-(으)ㄴ가 보다#1	-(으)ㄴ가 보다	I guess...; it seems...	오늘 시험이 어려운가 봐요.
-(으)ㄹ 동안#0	-(으)ㄹ 동안	while...	내가 씻을 동안 기다려 줘.
-(으)ㄹ 동안#1	-(으)ㄹ 동안	while...	방학 동안 알바를 했어요.
-(으)려면#0	-(으)려면	if you want to...	일찍 가려면 지금 나가야 돼.
-(으)려면#1	-(으)려면	if you want to...	성적을 올리려면 매일 공부해야 해요.
-(이)ㄴ 걸#0	-(이)ㄴ 걸	(know) that it is...	벌써 열 시인 걸 몰랐어.
-(이)ㄴ 걸#1	-(이)ㄴ 걸	(know) that it is...	오늘이 시험인 걸 깜빡했어.
-고 자시고#0	-고 자시고	...or whatever (dismissive)	숙제고 자시고 일단 자야겠어.
-고 자시고#1	-고 자시고	...or whatever (dismissive)	공부고 자시고 너무 졸려.
-까지#0	-까지	until; up to	열 시까지 학원에 있어요.
-까지#1	-까지	until; up to	집까지 같이 걸어가자.
-는?#0	-는?	what about...?	나는 떡볶이 먹을래. 너는?
-는?#1	-는?	what about...?	게임만 하고, 숙제는? 다 했어?
-던#0	-던	past/recollective modifier	내가 먹던 과자 어디 갔어?
-던#1	-던	past/recollective modifier	자주 가던 분식집이 없어졌어.
-아/어지다#0	-아/어지다	become...	날씨가 점점 추워져요.
-아/어지다#1	-아/어지다	become...	요즘 수학이 쉬워졌어.
-지 마#0	-지 마	don't...	시험 잘 볼 거야, 걱정하지 마.
-지 마#1	-지 마	don't...	내 가방에 있는 과자 먹지 마!
고3#0	고3	high-school senior (3rd year)	우리 언니는 올해 고3이에요.
고3#1	고3	high-school senior (3rd year)	고3이라서 놀 시간이 없어.
교복#0	교복	school uniform	교복이 좀 작아졌어.
교복#1	교복	school uniform	주말에도 교복 입고 나갔어요.
금방#0	금방	soon, right away	거의 다 왔어, 금방 갈게!
금방#1	금방	soon, right away	라면은 금방 만들 수 있어요.
긴장을 풀다#0	긴장을 풀다	to relax, ease nerves	발표 전에 긴장을 풀려고 물을 마셨어.
긴장을 풀다#1	긴장을 풀다	to relax, ease nerves	긴장 좀 풀어, 잘할 거야.
낑겨앉다#0	낑겨앉다	to squeeze in and sit (colloquial)	버스에서 친구 사이에 낑겨앉았어.
낑겨앉다#1	낑겨앉다	to squeeze in and sit (colloquial)	좁은데 나도 좀 낑겨앉을게.
놀리다#0	놀리다	to tease	친구들이 내 머리를 놀렸어.
놀리다#1	놀리다	to tease	동생 키 작다고 그만 놀려.
당장#0	당장	right now, immediately	지금 당장 교무실로 와!
당장#1	당장	right now, immediately	지금 당장 숙제부터 해.
따다#0	따다	to pick (fruit)	할머니 댁에서 사과를 땄어요.
따다#1	따다	to pick (fruit)	걔가 내 번호를 땄어.
말도 안 되다#0	말도 안 되다	to be absurd; no way	숙제가 백 쪽이라고? 말도 안 돼!
말도 안 되다#1	말도 안 되다	to be absurd; no way	말도 안 되는 소리 하지 마.
물#0	물	water	목말라, 물 좀 줄 수 있어?
물#1	물	water	운동하고 물을 많이 마셨어요.
벙벙하다#0	벙벙하다	to be dumbfounded	갑자기 일 등이라니 얼떨떨하고 벙벙했어.
벙벙하다#1	벙벙하다	to be dumbfounded	너무 놀라서 벙벙한 얼굴로 서 있었어.
봐주다#0	봐주다	to let off, go easy on	한 번만 봐줘, 다음엔 안 늦을게.
봐주다#1	봐주다	to let off, go easy on	선생님이 이번만 봐주셨어요.
뽀뽀#0	뽀뽀	peck, kiss (cute)	아기가 엄마 볼에 뽀뽀했어요.
뽀뽀#1	뽀뽀	peck, kiss (cute)	강아지가 내 얼굴에 뽀뽀를 했어.
쉿#0	쉿	shh	쉿, 저기 선생님 오신다!
쉿#1	쉿	shh	쉿, 여기 도서관이야.
싫다#0	싫다	to dislike	나는 비 오는 날이 싫어.
싫다#1	싫다	to dislike	싫어! 나 그 학원 안 갈 거야.
쓰다#0	쓰다	to use; write; bitter	잠깐 이 펜 좀 써도 돼요?
쓰다#1	쓰다	to use; write; bitter	약이 너무 써서 못 먹겠어.
앞머리#0	앞머리	bangs	앞머리를 너무 짧게 잘랐어.
앞머리#1	앞머리	bangs	앞머리가 눈을 가려요.
어필#0	어필	appeal (self-promotion)	면접에서 내 장점을 어필했어요.
어필#1	어필	appeal (self-promotion)	동아리 선배들한테 열심히 어필해 봐.
연락처#0	연락처	contact info	연락처 좀 알려 줄래?
연락처#1	연락처	contact info	선생님 연락처를 저장했어요.
오히려#0	오히려	rather, on the contrary	쉬었더니 오히려 더 피곤해.
오히려#1	오히려	rather, on the contrary	걱정했는데 오히려 시험이 쉬웠어요.
이왕#0	이왕	since (it's happened) anyway	이왕 왔으니까 맛있는 거 먹자.
이왕#1	이왕	since (it's happened) anyway	이왕 하는 거 열심히 해 봐.
재촉하다#0	재촉하다	to rush, press (someone)	엄마가 빨리 나가라고 재촉했어요.
재촉하다#1	재촉하다	to rush, press (someone)	재촉하지 마, 지금 가고 있어.
전화#0	전화	telephone	학원 끝나고 이따 전화할게.
전화#1	전화	telephone	수업 중에 전화가 왔어요.
즐기다#0	즐기다	to enjoy	방학을 즐기고 있어요.
즐기다#1	즐기다	to enjoy	시험 끝났으니까 오늘은 즐기자!
챙기다#0	챙기다	to look after; to pack	오늘 체육 있는데 체육복 챙겼어?
챙기다#1	챙기다	to look after; to pack	엄마 늦으니까 동생 밥 좀 챙겨 줘.
편하다#0	편하다	to be comfortable	이 운동화 진짜 편해.
편하다#1	편하다	to be comfortable	너랑 있으면 마음이 편해요.
필요하다#0	필요하다	to need	시험 볼 때 연필이 필요해요.
필요하다#1	필요하다	to need	도움이 필요하면 말해.
흔하다#0	흔하다	to be common	그 이름은 정말 흔해요.
흔하다#1	흔하다	to be common	이런 기회는 흔치 않아.
그래서#0	그래서	so, therefore	늦잠을 잤어. 그래서 지각했어.
그래서#1	그래서	so, therefore	그래서 어떻게 됐어?
-(으)ㄴ 척하다#0	-(으)ㄴ 척하다	pretend to...	모르면서 아는 척하지 마.
-(으)ㄴ 척하다#1	-(으)ㄴ 척하다	pretend to...	자는 척했는데 엄마한테 걸렸어.
나다#0	나다	to occur, break (down)	교실에서 좋은 냄새가 나요.
나다#1	나다	to occur, break (down)	동생 때문에 화가 났어.
첫#0	첫	first	첫 교시는 수학이에요.
첫#1	첫	first	고등학교 첫날 너무 떨렸어.
-대#0	-대	they say... (hearsay)	눈이 많이 와서 내일 휴교래.
-대#1	-대	they say... (hearsay)	걔 아파서 결석한대.
듣다#0	듣다	to hear, listen	요즘 무슨 노래 들어?
듣다#1	듣다	to hear, listen	오늘 수업은 잘 들었어요?
모두#0	모두	all; everyone	모두 조용히 해 주세요.
모두#1	모두	all; everyone	숙제를 모두 끝냈어.
슬쩍#0	슬쩍	lightly, slyly	친구 답을 슬쩍 봤어.
슬쩍#1	슬쩍	lightly, slyly	과자를 슬쩍 가방에 넣었어요.
으#0	으	ugh	으, 오늘 아침 너무 추워!
으#1	으	ugh	으으, 책상 위에 벌레다!
점심#0	점심	lunch	오늘 점심 뭐 먹을래?
점심#1	점심	lunch	오늘 점심은 급식이 맛있었어요.
-(으)ㄴ가#0	-(으)ㄴ가	I wonder if...	내가 너무 예민한가?
-(으)ㄴ가#1	-(으)ㄴ가	I wonder if...	혹시 이게 맞는 답인가?
-(으)ㄹ 줄 알다#0	-(으)ㄹ 줄 알다	assume that... (줄 알았다)	네가 안 올 줄 알았어.
-(으)ㄹ 줄 알다#1	-(으)ㄹ 줄 알다	assume that... (줄 알았다)	시험이 쉬울 줄 알았는데 어려웠어요.
-(으)려고#0	-(으)려고	in order to, intending to	내일 일찍 일어나려고 일찍 자요.
-(으)려고#1	-(으)려고	in order to, intending to	주말에 영화 보려고 했어.
-겠지만#0	-겠지만	though (it) probably...	힘들겠지만 조금만 참아.
-겠지만#1	-겠지만	though (it) probably...	바쁘겠지만 한 번 와 줘.
-기로#0	-기로	(known) for ...ing	그 선생님은 무섭기로 유명해.
-기로#1	-기로	(known) for ...ing	이 집은 떡볶이가 맛있기로 소문났어요.
-는 거 아니야#0	-는 거 아니야	isn't it that...?	너 지금 거짓말하는 거 아니야?
-는 거 아니야#1	-는 거 아니야	isn't it that...?	우리 너무 늦는 거 아니야?
-다고 하다#0	-다고 하다	say that... (reported speech)	민지가 오늘 못 온다고 했어.
-다고 하다#1	-다고 하다	say that... (reported speech)	엄마가 일찍 들어오라고 하셨어요.
-라도#0	-라도	even (if it's)	밥 못 먹으면 물이라도 마셔.
-라도#1	-라도	even (if it's)	잠깐이라도 쉬어요.
-아야겠다#0	-아야겠다	I'd better...	오늘은 일찍 자야겠다.
-아야겠다#1	-아야겠다	I'd better...	이번엔 진짜 공부해야겠어.
가끔씩#0	가끔씩	now and then	가끔씩 혼자 노래방에 가요.
가끔씩#1	가끔씩	now and then	가끔씩 옛날 친구가 생각나.
걸리다#0	걸리다	to take (time)	학교까지 삼십 분 걸려요.
걸리다#1	걸리다	to take (time)	숙제하는 데 두 시간 걸렸어.
고민하다#0	고민하다	to agonize, worry over	뭘 먹을지 고민하고 있어.
고민하다#1	고민하다	to agonize, worry over	진로 때문에 많이 고민했어요.
교시#0	교시	class period	졸려서 그러는데 지금 몇 교시야?
교시#1	교시	class period	삼 교시는 체육이에요.
그렇다고#0	그렇다고	even so, that doesn't mean	피곤해. 그렇다고 학원을 빠질 순 없지.
그렇다고#1	그렇다고	even so, that doesn't mean	그렇다고 울 필요는 없어.
급하다#0	급하다	to be hasty, urgent	급한 일이 생겨서 먼저 갈게.
급하다#1	급하다	to be hasty, urgent	급하게 먹으면 체해.
끄다#0	끄다	to turn off, put out	수업 시간에는 핸드폰을 꺼 주세요.
끄다#1	끄다	to turn off, put out	교실에서 나갈 때 불 꺼.
끼우다#0	끼우다	to wedge in, insert	책 사이에 사진을 끼워 뒀어.
끼우다#1	끼우다	to wedge in, insert	이어폰을 귀에 끼웠어요.
날라리#0	날라리	delinquent, party kid (slang)	걔 날라리 같지만 사실 착해.
날라리#1	날라리	delinquent, party kid (slang)	날라리처럼 보이고 싶지 않아.
내다#0	내다	to pay; to put out	떡볶이 값은 오늘 내가 낼게.
내다#1	내다	to pay; to put out	숙제를 선생님께 냈어요.
누르다#0	누르다	to press	엘리베이터 버튼 좀 눌러 줘.
누르다#1	누르다	to press	이 버튼을 누르면 돼요.
느낌#0	느낌	feeling	오늘 시험 느낌이 좋아.
느낌#1	느낌	feeling	이 노래는 느낌이 너무 좋아요.
답답하다#0	답답하다	to be frustrating, stifling	교실이 너무 답답해, 창문 열자.
답답하다#1	답답하다	to be frustrating, stifling	말을 안 해 주니까 답답해.
독후감#0	독후감	book report	독후감 숙제 다 했어?
독후감#1	독후감	book report	이번 주까지 독후감을 내야 해요.
두근두근하다#0	두근두근하다	to be all aflutter	발표 전에 너무 두근두근했어.
두근두근하다#1	두근두근하다	to be all aflutter	합격 발표 날이라 두근두근해요.
떠들어대다#0	떠들어대다	to keep making noise, prattle on	뒤에서 계속 떠들어대서 집중이 안 돼.
떠들어대다#1	떠들어대다	to keep making noise, prattle on	걔는 하루 종일 떠들어대.
마무리하다#0	마무리하다	to wrap up, finish	오늘 안에 숙제를 마무리할게.
마무리하다#1	마무리하다	to wrap up, finish	회의를 이제 마무리합시다.
만남#0	만남	meeting, encounter	우리 첫 만남이 기억나?
만남#1	만남	meeting, encounter	친구와의 만남이 즐거웠어요.
매번#0	매번	every time	매번 늦어서 미안해.
매번#1	매번	every time	걔는 매번 일 등이야.
모범생#0	모범생	model student	우리 반 반장은 모범생이에요.
모범생#1	모범생	model student	모범생처럼 보이지만 장난이 많아.
물어보다#0	물어보다	to ask	모르면 선생님께 물어보세요.
물어보다#1	물어보다	to ask	내가 걔한테 물어볼게.
반갑다#0	반갑다	glad (to meet)	처음 뵙겠습니다, 만나서 반가워요.
반갑다#1	반갑다	glad (to meet)	오랜만이다, 진짜 반갑다!
복숭아#0	복숭아	peach	여름에는 복숭아가 제일 맛있어.
복숭아#1	복숭아	peach	복숭아 맛 아이스크림 먹을래?
비록#0	비록	although	비록 졌지만 재밌었어.
비록#1	비록	although	비록 작은 선물이지만 받아 줘.
빨개지다#0	빨개지다	to turn red	발표할 때 얼굴이 빨개졌어.
빨개지다#1	빨개지다	to turn red	추워서 귀가 빨개졌어요.
사과하다#0	사과하다	to apologize	내가 먼저 사과할게.
사과하다#1	사과하다	to apologize	친구한테 진심으로 사과했어요.
성격#0	성격	personality	걔는 성격이 정말 좋아.
성격#1	성격	personality	성격이 급해서 고민이에요.
소문#0	소문	rumor	너 그 이상한 소문 들었어?
소문#1	소문	rumor	우리 반에 전학생이 온다는 소문이 있어.
수학#0	수학	math	수학 숙제가 너무 많아.
수학#1	수학	math	수학 시험을 잘 봤어요.
슬슬#0	슬슬	slowly; about time to	벌써 열 시네, 슬슬 집에 갈까?
슬슬#1	슬슬	slowly; about time to	슬슬 배가 고파져요.
시원하다#0	시원하다	cool, refreshing	바람이 정말 시원해요.
시원하다#1	시원하다	cool, refreshing	시원한 콜라 마시고 싶다.
아이#0	아이	child	그 아이는 우리 반 학생이에요.
아이#1	아이	child	아이들이 운동장에서 놀고 있어.
안녕하세요#0	안녕하세요	hello (polite)	안녕하세요, 저는 새로 온 학생이에요.
안녕하세요#1	안녕하세요	hello (polite)	선생님, 안녕하세요!
얌전하다#0	얌전하다	to be quiet, well-behaved	우리 강아지는 얌전해요.
얌전하다#1	얌전하다	to be quiet, well-behaved	오늘따라 왜 이렇게 얌전해?
어이없다#0	어이없다	to be absurd, ridiculous	숙제를 또 잃어버렸다니 어이없어.
어이없다#1	어이없다	to be absurd, ridiculous	너무 어이없어서 웃음이 났어.
엿듣다#0	엿듣다	to eavesdrop	남의 얘기를 엿듣지 마.
엿듣다#1	엿듣다	to eavesdrop	문 밖에서 몰래 엿들었어요.
오해하다#0	오해하다	to misunderstand	오해하지 마, 그런 뜻 아니야.
오해하다#1	오해하다	to misunderstand	내가 너를 오해했나 봐.
운명#0	운명	fate, destiny	같은 반에 또 됐어, 이건 운명이야!
운명#1	운명	fate, destiny	운명 같은 친구를 만났어요.
인소#0	인소	web romance novel (slang)	요즘 인소에 빠져서 잠을 못 자.
인소#1	인소	web romance novel (slang)	인소 주인공처럼 살고 싶다.
입학하다#0	입학하다	to enter school	동생이 올해 중학교에 입학했어요.
입학하다#1	입학하다	to enter school	입학하자마자 친구가 생겼어.
잘못#0	잘못	mistake; wrongly	내가 잘못했어, 미안해.
잘못#1	잘못	mistake; wrongly	전화를 잘못 걸었어요.
저렇게#0	저렇게	like that	저렇게 큰 개는 처음 봐.
저렇게#1	저렇게	like that	왜 저렇게 화가 났지?
조심성#0	조심성	carefulness	너는 조심성이 너무 없어.
조심성#1	조심성	carefulness	조심성 있게 들고 가요.
죽다#0	죽다	to die	점심을 못 먹어서 배고파 죽겠어.
죽다#1	죽다	to die	키우던 물고기가 죽어서 슬펐어.
질투#0	질투	jealousy	친구가 상을 받아서 질투가 났어.
질투#1	질투	jealousy	너 지금 질투하는 거야?
창피하다#0	창피하다	to be embarrassed	넘어져서 너무 창피했어.
창피하다#1	창피하다	to be embarrassed	틀린 답을 말해서 창피해요.
쳐다보다#0	쳐다보다	to stare at	왜 나를 그렇게 쳐다봐?
쳐다보다#1	쳐다보다	to stare at	창밖을 멍하니 쳐다봤어요.
틀리다#0	틀리다	to be wrong	쉬운 문제를 두 개나 틀렸어.
틀리다#1	틀리다	to be wrong	내 생각이 틀렸어요.
허#0	허	huh?! (indignant)	허, 이게 무슨 소리야, 어이없네.
허#1	허	huh?! (indignant)	허, 숙제가 또 있다고?
N보다#0	N보다	than N	버스보다 지하철이 빨라요.
N보다#1	N보다	than N	생각보다 시험이 쉬웠어.
-(으)세요#0	-(으)세요	please (polite request / honorific)	할머니, 여기 앉으세요.
-(으)세요#1	-(으)세요	please (polite request / honorific)	선생님, 안녕히 가세요!
-는 것 같다#0	-는 것 같다	it seems that...	밖에 비가 오는 것 같아.
-는 것 같다#1	-는 것 같다	it seems that...	걔가 나를 좋아하는 것 같아요.
-(으)ㄹ지/-는지 모르다#0	-(으)ㄹ지/-는지 모르다	not know whether; might	내일 비가 올지 몰라요.
-(으)ㄹ지/-는지 모르다#1	-(으)ㄹ지/-는지 모르다	not know whether; might	걔가 어디 사는지 몰라.
-게 하다#0	-게 하다	make/let someone do	선생님이 우리를 일찍 집에 가게 했어요.
-게 하다#1	-게 하다	make/let someone do	엄마가 나를 매일 운동하게 해.
-다고(요)?/-다구#0	-다고(요)?/-다구	you mean...?! / I said...!	시험이 내일이라고요?
-다고(요)?/-다구#1	-다고(요)?/-다구	you mean...?! / I said...!	그 낙서 내가 안 했다구!
높다#0	높다	to be high	이 건물은 정말 높아요.
높다#1	높다	to be high	이번 시험 점수가 높았어.
부탁#0	부탁	request, favor	부탁 하나만 들어줄래?
부탁#1	부탁	request, favor	친구의 부탁을 거절했어요.
-(으)ㄴ 적이 없다#0	-(으)ㄴ 적이 없다	have never done	나는 지각한 적이 없어.
-(으)ㄴ 적이 없다#1	-(으)ㄴ 적이 없다	have never done	그 영화는 본 적이 없어요.
-(으)ㄹ 테니까#0	-(으)ㄹ 테니까	since I will..., so	내가 청소할 테니까 너는 쉬어.
-(으)ㄹ 테니까#1	-(으)ㄹ 테니까	since I will..., so	이따 전화할 테니까 꼭 받아.
-ㄴ단 말이야#0	-ㄴ단 말이야	I'm saying that...!	나도 하고 싶단 말이야!
-ㄴ단 말이야#1	-ㄴ단 말이야	I'm saying that...!	진짜 배고프단 말이야.
-다니#0	-다니	(surprised) you mean...!	벌써 방학이 끝나다니!
-다니#1	-다니	(surprised) you mean...!	네가 일 등을 하다니!
-아/어 대다#0	-아/어 대다	keep on doing (excessively)	동생이 하루 종일 울어 대.
-아/어 대다#1	-아/어 대다	keep on doing (excessively)	옆에서 계속 웃어 대서 짜증 났어.
N 말고#0	N 말고	not N (but...); instead of N	이거 말고 저거 주세요.
N 말고#1	N 말고	not N (but...); instead of N	콜라 말고 사이다 마실래.
N부터#0	N부터	from N	월요일부터 시험이에요.
N부터#1	N부터	from N	쉬운 이 문제부터 먼저 풀자.
개멋지다#0	개멋지다	to be super cool (slang)	너 오늘 교복 입으니까 개멋지다!
개멋지다#1	개멋지다	to be super cool (slang)	그 춤 진짜 개멋졌어.
광고#0	광고	advertisement	유튜브 광고가 너무 길어.
광고#1	광고	advertisement	이 광고 노래 계속 생각나요.
기술#0	기술	skill, technique; move	축구 기술을 배우고 싶어요.
기술#1	기술	skill, technique; move	요리하는 기술이 좋아졌어.
꿈#0	꿈	dream	어젯밤에 이상한 꿈을 꿨어.
꿈#1	꿈	dream	제 꿈은 선생님이 되는 거예요.
너희#0	너희	you (plural)	너희 반 오늘 시험 봐?
너희#1	너희	you (plural)	너희 둘 다 이리 와 봐.
대강#0	대강	roughly	시간 없으니까 대강 설명해 줄게.
대강#1	대강	roughly	방 청소를 대강 했어요.
도움#0	도움	help	네 도움이 정말 필요해.
도움#1	도움	help	이 책이 공부에 도움이 됐어요.
동네#0	동네	neighborhood	우리 동네에 새 카페가 생겼어.
동네#1	동네	neighborhood	이 동네에서 오래 살았어요.
만#0	만	after (a time)	삼 년 만에 친구를 만났어요.
만#1	만	after (a time)	하루 만에 책을 다 읽었어.
몸부림#0	몸부림	struggling, writhing	동생이 안 자려고 몸부림을 쳤어.
몸부림#1	몸부림	struggling, writhing	아침에 일어나려고 몸부림쳤어.
무척#0	무척	very	오늘은 무척 피곤해요.
무척#1	무척	very	그 소식을 듣고 무척 기뻤어.
반대편#0	반대편	opposite side	길 반대편에 편의점이 있어요.
반대편#1	반대편	opposite side	반대편 버스를 타 버렸어.
방법#0	방법	way; method	좋은 공부 방법을 알려 줘.
방법#1	방법	way; method	다른 방법이 없을까요?
변태#0	변태	pervert (teasing insult)	야, 변태처럼 웃지 마!
변태#1	변태	pervert (teasing insult)	장난으로 친구를 변태라고 불렀어.
빡빡하다#0	빡빡하다	to be tight, strict, demanding	이번 주 일정이 너무 빡빡해요.
빡빡하다#1	빡빡하다	to be tight, strict, demanding	우리 학교 규칙은 좀 빡빡해.
살다#0	살다	to live	선배는 어느 동네에 살아요?
살다#1	살다	to live	할머니랑 같이 살아.
생기다#0	생기다	to come into being	학교 앞에 새 분식집이 생겼어.
생기다#1	생기다	to come into being	갑자기 일이 생겨서 못 가요.
서울권#0	서울권	Seoul-area (universities)	서울권 대학에 가고 싶어요.
서울권#1	서울권	Seoul-area (universities)	서울권은 경쟁이 너무 세.
쓸데없다#0	쓸데없다	to be useless, pointless	쓸데없는 걱정하지 마.
쓸데없다#1	쓸데없다	to be useless, pointless	쓸데없이 돈을 많이 썼어요.
약속#0	약속	promise; agreement	내일 친구랑 약속이 있어요.
약속#1	약속	promise; agreement	내일 같이 공부하기로 한 약속 꼭 지켜!
열심히#0	열심히	hard, diligently	요즘 열심히 공부하고 있어요.
열심히#1	열심히	hard, diligently	열심히 했으니까 괜찮아.
웃기다#0	웃기다	to be funny	너 그 표정 진짜 웃기다!
웃기다#1	웃기다	to be funny	그 영상 너무 웃겨요.
이쪽#0	이쪽	this way	교무실은 이쪽으로 오세요.
이쪽#1	이쪽	this way	화장실은 이쪽이야.
적어도#0	적어도	at least	적어도 하루에 한 시간은 공부해요.
적어도#1	적어도	at least	적어도 미안하다고는 해야지.
주변#0	주변	surroundings	학교 주변에 맛집이 많아.
주변#1	주변	surroundings	주변을 잘 보고 길을 건너요.
평가#0	평가	evaluation, assessment test	내일 수행 평가가 있어요.
평가#1	평가	evaluation, assessment test	이번 평가는 점수가 좋았어.
한바탕#0	한바탕	a whole bout of	교실에서 한바탕 웃었어요.
한바탕#1	한바탕	a whole bout of	둘이 어제 한바탕 싸웠대.
합격하다#0	합격하다	to pass (an exam), be accepted	언니가 대학에 합격했어요!
합격하다#1	합격하다	to pass (an exam), be accepted	시험에 합격하고 싶어.
회로#0	회로	circuit	과학 시간에 전기 회로를 만들었어요.
회로#1	회로	circuit	회로가 끊어져서 불이 안 켜져.
것#0	것	thing	이거 내 거야, 만지지 마.
것#1	것	thing	시험에 나올 것만 공부했어요.
가다#0	가다	to go	내일 학원 몇 시에 가?
가다#1	가다	to go	방학에 가족이랑 바다에 갔어요.
-아/어서#0	-아/어서	because; and then	늦게 일어나서 지각했어.
-아/어서#1	-아/어서	because; and then	도서관에 가서 숙제를 했어요.
-아/어 주다#0	-아/어 주다	do something for someone	이 문제 좀 가르쳐 줘.
-아/어 주다#1	-아/어 주다	do something for someone	선생님이 시험 범위를 알려 주셨어요.
야#0	야	hey! (casual)	야, 쉬는 시간에 같이 매점 가자!
야#1	야	hey! (casual)	야, 너 수학 숙제 다 했어?
남자친구#0	남자친구	boyfriend	언니가 남자친구랑 영화 보러 갔어.
남자친구#1	남자친구	boyfriend	걔 남자친구 생겼다는 소문이 났어요.
얘기#0	얘기	talk, story	점심 먹으면서 얘기하자.
얘기#1	얘기	talk, story	어제 그 얘기 진짜야?
진짜#0	진짜	real; really	진짜 시험이 내일이라고?
진짜#1	진짜	real; really	오늘 급식 진짜 맛있었어.
뭐#0	뭐	what	이번 주말에 뭐 할 거야?
뭐#1	뭐	what	뭔 소리야, 난 몰랐어.
-(는)구나#0	-(는)구나	oh, so ...! (realizing)	너도 이 노래 좋아하는구나!
-(는)구나#1	-(는)구나	oh, so ...! (realizing)	시간 진짜 빠르다, 벌써 방학이구나.
-(으)시-#0	-(으)시-	honorific marker	선생님께서 교실에 오셨어요.
-(으)시-#1	-(으)시-	honorific marker	할머니가 요즘 많이 바쁘세요.
-들#0	-들	plural suffix	친구들이랑 노래방에 갔어.
-들#1	-들	plural suffix	학생들이 운동장에 모여 있어요.
그러다#0	그러다	to do so	너 자꾸 그러면 선생님한테 혼나.
그러다#1	그러다	to do so	나도 그랬어, 시험 전날 밤새웠어.
안녕#0	안녕	hi; bye	안녕! 내일 학교에서 봐.
안녕#1	안녕	hi; bye	안녕, 오늘 머리 바꿨네?
왜#0	왜	why	왜 어제 학원 안 왔어?
왜#1	왜	why	왜 이렇게 늦게 왔어요?
-고 싶다#0	-고 싶다	want to	시험 끝나면 푹 자고 싶어.
-고 싶다#1	-고 싶다	want to	주말에 친구들이랑 놀고 싶어요.
-지 말다#0	-지 말다	don't (negative command)	수업 시간에 떠들지 마.
-지 말다#1	-지 말다	don't (negative command)	걱정하지 마세요, 잘할 거예요.
결과#0	결과	result	모의고사 결과가 나왔어.
결과#1	결과	result	열심히 했는데 결과가 별로예요.
남다#0	남다	to remain, stay	용돈이 얼마 안 남았어.
남다#1	남다	to remain, stay	청소 때문에 교실에 남아 있었어요.
너무#0	너무	too, very	오늘 숙제가 너무 많아.
너무#1	너무	too, very	이 떡볶이 너무 매워요.
다#0	다	all, everything; completely	너 숙제 벌써 다 했어?
다#1	다	all, everything; completely	반 친구들이 다 왔어요.
되다#0	되다	to become	나는 커서 선생님이 되고 싶어.
되다#1	되다	to become	안 돼, 그건 내 과자야!
못#0	못	cannot; nail	감기 때문에 학교에 못 갔어.
못#1	못	cannot; nail	수학 문제를 하나도 못 풀었어요.
시절#0	시절	days, period (of life)	초등학교 시절이 그리워.
시절#1	시절	days, period (of life)	중학생 시절 사진을 찾았어요.
있다#0	있다	to be; to have	너 내일 오후에 시간 있어?
있다#1	있다	to be; to have	가방 안에 휴대폰이 있어요.
중학생#0	중학생	middle schooler	내 동생은 아직 중학생이야.
중학생#1	중학생	middle schooler	중학생 때 이 학원에 다녔어요.
헉#0	헉	gasp! (shock)	헉, 오늘 시험이었어?
헉#1	헉	gasp! (shock)	헉! 휴대폰을 집에 두고 왔어.
-(이)랑#0	-(이)랑	with, and (casual)	주말에 친구랑 도서관 가.
-(이)랑#1	-(이)랑	with, and (casual)	떡볶이랑 김밥을 시켰어요.
-아/어도#0	-아/어도	even if	아무리 공부해도 수학은 어려워.
-아/어도#1	-아/어도	even if	비가 와도 체육 수업을 해요.
-요#0	-요	polite ending	선생님, 이 문제 잘 몰라요.
-요#1	-요	polite ending	저 지금 영어 학원 가요.
갑자기#0	갑자기	suddenly	갑자기 비가 와서 다 젖었어.
갑자기#1	갑자기	suddenly	수업 중에 갑자기 정전이 됐어요.
너#0	너	you (casual)	너 오늘 왜 이렇게 조용해?
너#1	너	you (casual)	이건 너 주려고 샀어.
늦다#0	늦다	to be late	미안, 버스 때문에 늦었어.
늦다#1	늦다	to be late	늦게 자서 아침에 너무 피곤해요.
돈#0	돈	money	알바해서 돈을 모으고 있어.
돈#1	돈	money	돈이 없어서 편의점만 갔어요.
멍청이#0	멍청이	idiot	야, 멍청이! 그건 내 가방이야.
멍청이#1	멍청이	idiot	우산을 또 잃어버리다니, 나 멍청이야.
바쁘다#0	바쁘다	busy	요즘 학원 때문에 너무 바빠.
바쁘다#1	바쁘다	busy	엄마가 바쁘셔서 혼자 밥 먹었어요.
사실대로#0	사실대로	truthfully, as it is	사실대로 말해, 누가 그랬어?
사실대로#1	사실대로	truthfully, as it is	선생님께 사실대로 다 말씀드렸어요.
앗#0	앗	oh!, ah!	앗, 숙제 안 가져왔다!
앗#1	앗	oh!, ah!	앗, 뜨거워! 라면 조심해.
오늘#0	오늘	today	오늘 급식 메뉴 뭐야?
오늘#1	오늘	today	오늘은 학원이 없어서 좋아요.
이렇다#0	이렇다	to be like this	시험이 이렇게 어려울 줄 몰랐어.
이렇다#1	이렇다	to be like this	이 문제는 이렇게 풀면 돼요?
지겹다#0	지겹다	to be tiresome	매일 똑같은 공부가 지겨워.
지겹다#1	지겹다	to be tiresome	이 노래는 이제 지겨워요.
학교#0	학교	school	내일 학교 몇 시까지 가?
학교#1	학교	school	우리 학교는 급식이 맛있어요.
혼자#0	혼자	alone	오늘은 혼자 도서관에서 공부했어.
혼자#1	혼자	alone	혼자 밥 먹는 것도 괜찮아요.
-(으)ㄴ 줄 알다#0	-(으)ㄴ 줄 알다	think/know that	너 어제 아픈 줄 알았어.
-(으)ㄴ 줄 알다#1	-(으)ㄴ 줄 알다	think/know that	내가 무슨 바보인 줄 알아?
-(으)ㄹ 수 있다#0	-(으)ㄹ 수 있다	can, be able to	나 이 문제 풀 수 있어.
-(으)ㄹ 수 있다#1	-(으)ㄹ 수 있다	can, be able to	내일은 일찍 올 수 있어요?
-(으)ㄹ까#0	-(으)ㄹ까	shall I/we?	우리 도서관에서 같이 공부할까?
-(으)ㄹ까#1	-(으)ㄹ까	shall I/we?	오늘 점심 뭐 먹을까?
-(이)라고#0	-(이)라고	quoting a noun ("that it's...")	걔 이름이 지훈이라고 했어.
-(이)라고#1	-(이)라고	quoting a noun ("that it's...")	내일이 시험이라고? 몰랐어!
-(이)라서인지#0	-(이)라서인지	maybe because it is	월요일이라서인지 다들 피곤해 보여.
-(이)라서인지#1	-(이)라서인지	maybe because it is	시험 기간이라서인지 도서관에 사람이 많아요.
-같이#0	-같이	like (N같이)	오늘은 눈같이 하얀 옷을 입었어.
-같이#1	-같이	like (N같이)	우리 언니는 천사같이 착해요.
-기 바라다#0	-기 바라다	I hope (that) (formal)	모두 시험 잘 보기 바랍니다.
-기 바라다#1	-기 바라다	I hope (that) (formal)	내일은 늦지 않기 바란다.
-기도 하다#0	-기도 하다	also do; sometimes do	주말엔 알바를 하기도 해.
-기도 하다#1	-기도 하다	also do; sometimes do	가끔 혼자 영화를 보기도 해요.
-는 거야#0	-는 거야	it's that...; are you...-ing?	너 지금 뭐 하는 거야?
-는 거야#1	-는 거야	it's that...; are you...-ing?	왜 나만 청소하는 거야?
-다면#0	-다면	if (hypothetical)	시간이 있다면 같이 가고 싶어.
-다면#1	-다면	if (hypothetical)	다시 중학생이 된다면 공부 열심히 할 거예요.
-보다#0	-보다	than; rather than	수학보다 영어가 더 쉬워.
-보다#1	-보다	than; rather than	생각보다 시험이 쉬웠어요.
-아/어 버리다#0	-아/어 버리다	end up doing (completely)	친구 과자를 다 먹어 버렸어.
-아/어 버리다#1	-아/어 버리다	end up doing (completely)	숙제를 집에 두고 와 버렸어요.
-아/어야#0	-아/어야	only if	열심히 해야 성적이 오르지.
-아/어야#1	-아/어야	only if	숙제를 다 해야 놀 수 있어요.
-었어야지#0	-었어야지	should have	어제 공부를 했어야지!
-었어야지#1	-었어야지	should have	미리 말했어야지, 왜 이제 말해?
-잖아#0	-잖아	you know (reminding)	내가 아까 말했잖아.
-잖아#1	-잖아	you know (reminding)	너도 알잖아, 걔 원래 늦어.
-한테#0	-한테	to (a person)	엄마한테 문자 보냈어.
-한테#1	-한테	to (a person)	친구한테 공책을 빌렸어요.
걔#0	걔	that kid, him/her	걔 오늘 학교 안 왔어?
걔#1	걔	that kid, him/her	걔는 노래를 진짜 잘해.
걱정#0	걱정	worry	걱정 마, 내가 도와줄게.
걱정#1	걱정	worry	시험 걱정 때문에 잠이 안 와요.
경례#0	경례	Salute!/Bow! (class command)	차렷, 경례! 안녕하세요!
경례#1	경례	Salute!/Bow! (class command)	반장이 큰 소리로 경례를 외쳤어요.
곧#0	곧	soon	곧 수업 시작해, 빨리 와!
곧#1	곧	soon	여름 방학이 곧 끝나요.
교장#0	교장	principal	교장 선생님 말씀이 너무 길어.
교장#1	교장	principal	교장 선생님이 상을 주셨어요.
그래도#0	그래도	even so	그래도 끝까지 해 볼 거야.
그래도#1	그래도	even so	귀찮았지만 그래도 친구라서 도와줬어요.
그새#0	그새	in that short time	그새 밥을 다 먹었어?
그새#1	그새	in that short time	잠깐 나갔는데 그새 비가 그쳤어요.
꺄#0	꺄	kyaa! (squeal)	꺄! 내가 좋아하는 가수다!
꺄#1	꺄	kyaa! (squeal)	꺄, 벌레다! 빨리 잡아 줘!
끼다#0	끼다	to put on (gloves)	추워서 장갑을 끼고 나왔어.
끼다#1	끼다	to put on (gloves)	우리 얘기에 갑자기 끼지 마.
내리다#0	내리다	to drop off, get off	다음 정류장에서 내려야 해.
내리다#1	내리다	to drop off, get off	엄마가 학교 앞에서 내려 주셨어요.
놈#0	놈	guy, thing (rough)	무슨 놈의 숙제가 이렇게 많아?
놈#1	놈	guy, thing (rough)	그놈의 휴대폰 좀 그만 봐.
다름없다#0	다름없다	to be no different	이 점수면 떨어진 거나 다름없어.
다름없다#1	다름없다	to be no different	그 애는 가족과 다름없는 친구예요.
당신#0	당신	you	당신이 뭔데 상관이에요?
당신#1	당신	you	당신이 뭘 안다고 그래요?
대#0	대	versus	우리 반이 이 대 일로 이겼어.
대#1	대	versus	오늘 농구는 우리 반 대 옆 반이에요.
대학생#0	대학생	college student	우리 형은 대학생이야.
대학생#1	대학생	college student	빨리 대학생이 되고 싶어요.
들쑤시다#0	들쑤시다	to stir up, pester	누가 내 서랍을 다 들쑤셨어?
들쑤시다#1	들쑤시다	to stir up, pester	그 소문이 반 전체를 들쑤셔 놓았어요.
등수#0	등수	rank, placing	이번 시험 등수가 올랐어.
등수#1	등수	rank, placing	등수보다 실력이 중요해요.
떨어뜨리다#0	떨어뜨리다	to drop	휴대폰을 바닥에 떨어뜨렸어.
떨어뜨리다#1	떨어뜨리다	to drop	계단에서 필통을 떨어뜨렸어요.
만약#0	만약	if	만약 비가 오면 소풍은 취소야.
만약#1	만약	if	만약 시험에 떨어지면 어떡해요?
말씀하다#0	말씀하다	to say, speak (honorific)	선생님이 내일 시험이라고 말씀하셨어.
말씀하다#1	말씀하다	to say, speak (honorific)	천천히 말씀해 주세요.
맨#0	맨	the very (top)	나는 맨 뒷자리에 앉아.
맨#1	맨	the very (top)	걔가 우리 반에서 맨 처음 왔어요.
몇#0	몇	how many; what	너 동생은 몇 살이야?
몇#1	몇	how many; what	지금 몇 시예요? 학원 늦겠어요.
모양#0	모양	shape	하트 모양 케이크를 샀어.
모양#1	모양	shape	구름 모양이 꼭 토끼 같아요.
미치다#0	미치다	to go mad	시험이 세 개라니, 미치겠어.
미치다#1	미치다	to go mad	그 노래 진짜 좋아, 미친 거 같아.
바라다#0	바라다	to wish; hope	다들 합격하길 바라.
바라다#1	바라다	to wish; hope	이번엔 좋은 결과가 나오기를 바라요.
번호#0	번호	number	너 전화번호 좀 알려 줘.
번호#1	번호	number	출석 번호 이십 번이 저예요.
벽쿵#0	벽쿵	kabedon, wall-pin (slang)	드라마에서 벽쿵 장면 봤어?
벽쿵#1	벽쿵	kabedon, wall-pin (slang)	벽쿵은 드라마에서만 멋있어요.
봄#0	봄	spring	봄이 되니까 벚꽃이 피었어.
봄#1	봄	spring	봄 소풍은 어디로 가요?
분명#0	분명	certainty; surely	분명 가방에 넣었는데 없어.
분명#1	분명	certainty; surely	그 우산은 분명 제 거예요.
삥 뜯기다#0	삥 뜯기다	to get shaken down for money (slang)	동생이 학교 앞에서 삥 뜯겼대.
삥 뜯기다#1	삥 뜯기다	to get shaken down for money (slang)	삥 뜯기면 바로 선생님한테 말해.
사진#0	사진	photo	우리 같이 사진 찍자!
사진#1	사진	photo	졸업 사진이 잘 나왔어요.
성적#0	성적	grades, marks	이번 학기 성적이 많이 올랐어.
성적#1	성적	grades, marks	성적표를 엄마한테 보여 드렸어요.
소문나다#0	소문나다	to have a rumor spread	걔가 전학 간다고 소문났어.
소문나다#1	소문나다	to have a rumor spread	그 떡볶이집은 맛있다고 소문났어요.
시간#0	시간	time	시험 시간이 얼마나 남았어?
시간#1	시간	time	오늘은 놀 시간이 없어요.
싹#0	싹	sprout	화분에서 작은 싹이 났어.
싹#1	싹	sprout	봄이 되니 나무에 싹이 텄어요.
쓰다듬다#0	쓰다듬다	to pat, stroke	강아지 머리를 쓰다듬어 줬어.
쓰다듬다#1	쓰다듬다	to pat, stroke	할머니가 내 머리를 쓰다듬으셨어요.
알려주다#0	알려주다	to let know, inform	숙제 범위 좀 알려줘.
알려주다#1	알려주다	to let know, inform	선생님이 좋은 공부 방법을 알려주셨어요.
어디#0	어디	where; anywhere	너 지금 어디야? 다들 기다려.
어디#1	어디	where; anywhere	이번 주말에 어디 가요?
어쩌면#0	어쩌면	maybe, perhaps	어쩌면 내일 눈이 올지도 몰라.
어쩌면#1	어쩌면	maybe, perhaps	어쩌면 걔도 같은 학원일 거예요.
언제든지#0	언제든지	anytime	모르면 언제든지 물어봐.
언제든지#1	언제든지	anytime	언제든지 놀러 와도 돼요.
얼마#0	얼마	how much	이 떡볶이 얼마예요?
얼마#1	얼마	how much	시험까지 얼마 안 남았어.
에이#0	에이	aw, come on	에이, 거짓말하지 마.
에이#1	에이	aw, come on	에이, 그게 말이 된다고?
여기저기#0	여기저기	here and there	휴대폰을 찾으려고 여기저기 다 봤어.
여기저기#1	여기저기	here and there	방학에 여기저기 여행 다녔어요.
연애#0	연애	dating, romance	지금은 연애보다 공부가 먼저야.
연애#1	연애	dating, romance	언니가 요즘 연애 중이에요.
요즘#0	요즘	these days	요즘 무슨 노래 들어?
요즘#1	요즘	these days	요즘 학원 때문에 너무 피곤해요.
월#0	월	month	너 생일은 몇 월이야?
월#1	월	month	기말고사는 칠월에 있어요.
으이구#0	으이구	ugh, good grief	으이구, 또 늦잠 잤어?
으이구#1	으이구	ugh, good grief	으이구, 우산 또 잃어버렸구나.
이렇다 할#0	이렇다 할	worth mentioning, to speak of	이번 방학엔 이렇다 할 계획이 없어.
이렇다 할#1	이렇다 할	worth mentioning, to speak of	우리 학교는 이렇다 할 동아리가 없어요.
이제껏#0	이제껏	until now	이제껏 지각한 적 한 번도 없어.
이제껏#1	이제껏	until now	이제껏 이렇게 어려운 시험은 처음이에요.
일#0	일	work; matter; one	알바 일이 너무 힘들어.
일#1	일	work; matter; one	무슨 일 있어? 표정이 안 좋아.
자랑스럽다#0	자랑스럽다	to be proud	네가 일등이라니 정말 자랑스러워.
자랑스럽다#1	자랑스럽다	to be proud	엄마가 내가 자랑스럽다고 하셨어요.
잠깐#0	잠깐	a moment	잠깐만 기다려 줘, 금방 갈게!
잠깐#1	잠깐	a moment	잠깐 화장실 좀 다녀올게요.
저기#0	저기	over there	저기 있는 매점 보여?
저기#1	저기	over there	저기 앉아서 같이 먹자.
전하다#0	전하다	to deliver; to convey	선생님께 이 편지 좀 전해 줘.
전하다#1	전하다	to deliver; to convey	합격 소식을 부모님께 전했어요.
정신(이) 팔리다#0	정신(이) 팔리다	to be distracted	게임에 정신이 팔려서 숙제를 잊었어.
정신(이) 팔리다#1	정신(이) 팔리다	to be distracted	휴대폰에 정신 팔리지 말고 들어.
종례#0	종례	end-of-day homeroom	종례 끝나면 같이 가자.
종례#1	종례	end-of-day homeroom	오늘 종례가 늦게 끝났어요.
죄다#0	죄다	all, entirely (casual)	반 애들이 죄다 감기에 걸렸어.
죄다#1	죄다	all, entirely (casual)	동생이 과자를 죄다 먹었어요.
줍다#0	줍다	to pick up	바닥에 떨어진 펜을 주웠어.
줍다#1	줍다	to pick up	쓰레기 좀 주워 줄래?
지다#0	지다	to become; to lose	우리 반이 축구에서 졌어.
지다#1	지다	to become; to lose	날씨가 점점 따뜻해졌어요.
집중하다#0	집중하다	to concentrate	시끄러워서 집중할 수가 없어.
집중하다#1	집중하다	to concentrate	수업에 좀 집중하세요.
차렷#0	차렷	Attention! (class command)	차렷! 선생님께 경례!
차렷#1	차렷	Attention! (class command)	반장이 차렷이라고 외쳤어요.
초등생#0	초등생	elementary schooler	초등생 동생 숙제를 도와줬어.
초등생#1	초등생	elementary schooler	요즘은 초등생들도 휴대폰이 있어요.
키스#0	키스	kiss	드라마 마지막에 키스 장면이 나왔어.
키스#1	키스	kiss	키스 장면이 나오자 동생이 눈을 가렸어요.
하도#0	하도	so much, so often	하도 졸려서 수업 중에 잤어.
하도#1	하도	so much, so often	하도 많이 들어서 노래를 다 외웠어요.
학년#0	학년	school year, grade	내년이면 벌써 삼 학년이야.
학년#1	학년	school year, grade	같은 학년 친구들이랑 친해요.
허언증#0	허언증	compulsive lying	걔 허언증 있는 거 아니야?
허언증#1	허언증	compulsive lying	그건 허언증이야, 믿지 마.
확#0	확	suddenly; with a rush	문을 확 열어서 깜짝 놀랐어.
확#1	확	suddenly; with a rush	얼굴이 확 빨개졌어요.
-도#0	-도	also, too; even	나도 그 영화 벌써 봤어.
-도#1	-도	also, too; even	너무 바빠서 밥도 못 먹었어요.
괜찮다#0	괜찮다	to be okay	괜찮아, 다음에 잘하면 돼.
괜찮다#1	괜찮다	to be okay	다친 데는 괜찮아요?
-다니까/-(이)라니까#0	-다니까/-(이)라니까	I told you...! (insisting)	진짜 내가 안 먹었다니까!
-다니까/-(이)라니까#1	-다니까/-(이)라니까	I told you...! (insisting)	내일이 시험이라니까, 빨리 공부해.
부르다#0	부르다	to call	선생님이 너 부르셔.
부르다#1	부르다	to call	엄마가 저녁 먹으라고 불렀어요.
언니#0	언니	older sister (of a female)	언니, 이 옷 좀 빌려줘.
언니#1	언니	older sister (of a female)	우리 언니는 대학생이에요.
-(으)ㄹ까(요)#0	-(으)ㄹ까(요)	shall I/we...? / could...?	창문 좀 열어 드릴까요?
-(으)ㄹ까(요)#1	-(으)ㄹ까(요)	shall I/we...? / could...?	선생님, 질문 하나 해도 될까요?
나가다#0	나가다	to go out	점심 먹으러 밖에 나가자.
나가다#1	나가다	to go out	수업 중에 교실 밖으로 나가면 안 돼요.
데려오다#0	데려오다	to bring along	내일 동생 데려와도 돼?
데려오다#1	데려오다	to bring along	친구를 집에 데려왔어요.
뭐야#0	뭐야	what is it?; what the...	뭐야, 오늘 시험 없어?
뭐야#1	뭐야	what is it?; what the...	이거 뭐야? 누가 놓고 갔어?
이름#0	이름	name	너 이름이 뭐야? 처음 보네.
이름#1	이름	name	공책에 이름을 꼭 쓰세요.
화장실#0	화장실	restroom	선생님, 화장실 다녀와도 돼요?
화장실#1	화장실	restroom	화장실이 어디예요?
-(으)ㄴ지#0	-(으)ㄴ지	whether; what (embedded)	시험이 언제인지 알아?
-(으)ㄴ지#1	-(으)ㄴ지	whether; what (embedded)	걔가 왜 화났는지 모르겠어요.
-(으)ㄹ지도 모르다#0	-(으)ㄹ지도 모르다	might...	내일 비가 올지도 몰라.
-(으)ㄹ지도 모르다#1	-(으)ㄹ지도 모르다	might...	오늘 학원에 늦을지도 몰라요.
-(으)로#0	-(으)로	with, by (means of)	나는 매일 버스로 학교에 가.
-(으)로#1	-(으)로	with, by (means of)	연필로 이름을 쓰세요.
-(이)나#0	-(이)나	or something; just (casual)	심심한데 영화나 볼까?
-(이)나#1	-(이)나	or something; just (casual)	배고프다, 라면이나 먹자.
-기 전에#0	-기 전에	before...	자기 전에 숙제 다 해.
-기 전에#1	-기 전에	before...	시험 보기 전에 화장실 다녀올게요.
-나#0	-나	...? (self-question)	걔 오늘 학교 안 오나?
-나#1	-나	...? (self-question)	내가 뭘 잘못했나? 왜 화났지?
-다구#0	-다구	I said...! (colloquial -다고)	진짜 나는 몰랐다구!
-다구#1	-다구	I said...! (colloquial -다고)	나도 같이 가고 싶다구.
-아/어라#0	-아/어라	do...! (casual command)	빨리 일어나라, 학교 늦어!
-아/어라#1	-아/어라	do...! (casual command)	시험 날 아침은 꼭 먹어라.
-았/었다 오다#0	-았/었다 오다	go and do... then come back	나 잠깐 매점 갔다 올게.
-았/었다 오다#1	-았/었다 오다	go and do... then come back	편의점에 잠깐 들렀다 왔어요.
가리다#0	가리다	to cover, hide	햇빛이 세서 손으로 눈을 가렸어.
가리다#1	가리다	to cover, hide	앞사람 머리가 칠판을 가려요.
고맙다#0	고맙다	to be thankful	도와줘서 진짜 고마워.
고맙다#1	고맙다	to be thankful	선생님, 정말 고맙습니다.
그나저나#0	그나저나	anyway, by the way	그나저나 숙제 다 했어?
그나저나#1	그나저나	anyway, by the way	그나저나 내일 몇 시에 만나요?
기껏#0	기껏	after all the trouble; at most	기껏 공부했는데 시험이 취소됐어.
기껏#1	기껏	after all the trouble; at most	기껏 해 봐야 십 분이면 끝나요.
긴장하다#0	긴장하다	to be nervous	발표 전에 너무 긴장했어.
긴장하다#1	긴장하다	to be nervous	긴장하지 말고 천천히 해.
남자애#0	남자애	boy, guy (casual)	옆 반 남자애가 너 찾던데?
남자애#1	남자애	boy, guy (casual)	남자애들이 운동장에서 축구해요.
놓치다#0	놓치다	to miss	버스를 놓쳐서 지각했어.
놓치다#1	놓치다	to miss	이번 기회를 놓치면 안 돼요.
대답하다#0	대답하다	to answer	선생님 질문에 바로 대답했어.
대답하다#1	대답하다	to answer	이름을 부르면 크게 대답하세요.
떨어지다#0	떨어지다	to fall	책상에서 필통이 떨어졌어.
떨어지다#1	떨어지다	to fall	나뭇잎이 떨어지는 가을이에요.
맨날#0	맨날	always; every day	너는 왜 맨날 지각해!
맨날#1	맨날	always; every day	맨날 라면만 먹으면 안 돼요.
번#0	번	number; time(s)	한 번만 도와줘, 제발.
번#1	번	number; time(s)	이 영화 벌써 세 번 봤어요.
별로#0	별로	not really	오늘 급식 별로였어.
별로#1	별로	not really	저는 단 거 별로 안 좋아해요.
부탁드리다#0	부탁드리다	to ask a favor (humble)	선생님, 하나만 부탁드려도 될까요?
부탁드리다#1	부탁드리다	to ask a favor (humble)	앞으로 잘 부탁드립니다!
사다#0	사다	to buy; to treat	오늘은 내가 떡볶이 살게.
사다#1	사다	to buy; to treat	문구점에서 공책을 샀어요.
시야#0	시야	field of view	앞사람 때문에 시야가 가려.
시야#1	시야	field of view	안경을 쓰니까 시야가 밝아졌어요.
심장#0	심장	heart	발표 때 심장이 너무 뛰었어.
심장#1	심장	heart	무서운 영화를 보니 심장이 쿵쿵해요.
아까#0	아까	a little while ago	아까 수업 때 뭐라고 했어?
아까#1	아까	a little while ago	아까 선생님이 너 찾으셨어요.
얘#0	얘	this kid/person	얘가 내 동생이야, 인사해.
얘#1	얘	this kid/person	얘는 왜 이렇게 웃겨?
얼다#0	얼다	to freeze	밖이 추워서 손이 꽁꽁 얼었어.
얼다#1	얼다	to freeze	호수가 얼어서 스케이트를 탔어요.
오#0	오	oh!	오, 너 머리 잘랐네? 잘 어울려.
오#1	오	oh!	오! 시험 점수 대박이다.
이런#0	이런	like this, such	이런 날엔 집에 있고 싶어.
이런#1	이런	like this, such	이런 문제는 처음 봐요.
자기#0	자기	oneself	걔는 자기 얘기만 해.
자기#1	자기	oneself	면접에서 자기 소개를 했어요.
쟤네#0	쟤네	those guys over there	쟤네 둘이 사귄다는 소문 들었어?
쟤네#1	쟤네	those guys over there	쟤네는 맨날 같이 다녀요.
조금#0	조금	a little	조금만 더 자고 싶어.
조금#1	조금	a little	숙제가 조금 남았어요.
지긋이#0	지긋이	steadily, gently (gaze)	선생님이 나를 지긋이 바라보셨어.
지긋이#1	지긋이	steadily, gently (gaze)	할머니가 지긋이 웃으셨어요.
타이밍#0	타이밍	timing	타이밍이 딱 좋았어!
타이밍#1	타이밍	timing	말할 타이밍을 놓쳤어요.
포기하다#0	포기하다	to give up	수학 아직 포기하지 마!
포기하다#1	포기하다	to give up	너무 어려워서 포기하고 싶어요.
하지만#0	하지만	but; however	하지만 난 아직 숙제 안 했어.
하지만#1	하지만	but; however	하지만 오늘은 학원에 가야 해요.
-랑#0	-랑	with, and (casual)	엄마랑 같이 장 보러 갔어.
-랑#1	-랑	with, and (casual)	나랑 같이 매점 갈래?
어떡하다#0	어떡하다	what to do (oh no!)	어떡해, 지갑을 잃어버렸어!
어떡하다#1	어떡하다	what to do (oh no!)	시험 망치면 어떡하지?
-(으)ㄴ/는/(으)ㄹ 것 같다#0	-(으)ㄴ/는/(으)ㄹ 것 같다	seems like; I think	내일 비가 올 것 같아.
-(으)ㄴ/는/(으)ㄹ 것 같다#1	-(으)ㄴ/는/(으)ㄹ 것 같다	seems like; I think	걔 좀 화난 것 같아요.
여보세요#0	여보세요	hello? (phone)	여보세요? 엄마, 나 학원 끝났어.
여보세요#1	여보세요	hello? (phone)	여보세요, 거기 누구세요?
친하다#0	친하다	to be close, friendly	나랑 걔는 초등학교 때부터 친해.
친하다#1	친하다	to be close, friendly	반 친구들이랑 많이 친해졌어요.
-밖에#0	-밖에	nothing but (+ negative)	나 지금 천 원밖에 없어.
-밖에#1	-밖에	nothing but (+ negative)	시험까지 하루밖에 안 남았어요.
때#0	때	time, when	어릴 때 이 동네에 살았어.
때#1	때	time, when	시험 볼 때 휴대폰은 꺼 주세요.
사실#0	사실	fact, truth	사실은 숙제 안 했어.
사실#1	사실	fact, truth	그 소문은 사실이 아니에요.
아침#0	아침	morning; breakfast	아침 먹고 학교 가야지.
아침#1	아침	morning; breakfast	아침에 일찍 일어나기 힘들어요.
이따#0	이따	later, in a bit	이따 학원 끝나고 전화할게.
이따#1	이따	later, in a bit	이따 점심시간에 매점에서 봐요.
크다#0	크다	to be big	우리 학교 운동장은 진짜 커.
크다#1	크다	to be big	더 크게 말해 주세요.
-(으)ㄹ 거야#0	-(으)ㄹ 거야	will...; probably...	이번 시험엔 꼭 일등 할 거야.
-(으)ㄹ 거야#1	-(으)ㄹ 거야	will...; probably...	걔도 아마 늦게라도 올 거야.
-(으)라니#0	-(으)라니	(you're) telling me to...?!	주말에도 학교에 오라니!
-(으)라니#1	-(으)라니	(you're) telling me to...?!	이걸 하루 만에 다 외우라니?
-(으)면 안 되다#0	-(으)면 안 되다	must not...; can't you...? (request)	시험 중에 휴대폰 보면 안 돼.
-(으)면 안 되다#1	-(으)면 안 되다	must not...; can't you...? (request)	오늘만 숙제 늦게 내면 안 돼요?
-기는#0	-기는	how dare / what do you mean... (scolding)	무시하긴! 나도 할 수 있어.
-기는#1	-기는	how dare / what do you mean... (scolding)	잘하기는, 맨날 틀리면서.
-기만 해도#0	-기만 해도	just ...ing is enough	시험 생각하기만 해도 떨려.
-기만 해도#1	-기만 해도	just ...ing is enough	보기만 해도 배불러요.
-는 거지#0	-는 거지	it's that..., right?	결국 내가 다 하는 거지?
-는 거지#1	-는 거지	it's that..., right?	그러니까 내일 시험 보는 거지?
-더니#0	-더니	(I saw)..., and then/yet	아침엔 맑더니 오후에 비가 와.
-더니#1	-더니	(I saw)..., and then/yet	걔가 열심히 하더니 일등 했어요.
-아/어 죽겠다#0	-아/어 죽겠다	so... I could die	점심을 못 먹어서 배고파 죽겠어.
-아/어 죽겠다#1	-아/어 죽겠다	so... I could die	시험 때문에 힘들어 죽겠어요.
-았/었더니#0	-았/었더니	when I did..., (result)	일찍 잤더니 개운해.
-았/었더니#1	-았/었더니	when I did..., (result)	열심히 공부했더니 성적이 올랐어요.
가입하다#0	가입하다	to sign up, join	나 밴드 동아리에 가입했어.
가입하다#1	가입하다	to sign up, join	이 앱에 가입하려면 뭐가 필요해요?
게다가#0	게다가	moreover, on top of that	숙제도 많고 게다가 시험도 있어.
게다가#1	게다가	moreover, on top of that	비도 오고 게다가 우산도 없었어요.
곳#0	곳	place	여기는 내가 제일 좋아하는 곳이야.
곳#1	곳	place	조용한 곳에서 공부하고 싶어요.
궁금하다#0	궁금하다	to be curious	시험 결과가 너무 궁금해.
궁금하다#1	궁금하다	to be curious	뭐가 그렇게 궁금해요?
그치만#0	그치만	but (casual)	그치만 난 아직 준비 안 됐어.
그치만#1	그치만	but (casual)	그치만 오늘은 학원 가야 해.
까이다#0	까이다	to get rejected/dumped (slang)	고백했다가 까였어.
까이다#1	까이다	to get rejected/dumped (slang)	걔 소개팅에서 까였대.
끄덕거리다#0	끄덕거리다	to keep nodding	졸려서 머리를 끄덕거렸어.
끄덕거리다#1	끄덕거리다	to keep nodding	다들 고개를 끄덕거리며 들었어요.
나중#0	나중	later	그건 나중에 얘기하자.
나중#1	나중	later	나중에 커서 뭐 하고 싶어요?
남고#0	남고	boys' high school	우리 오빠는 남고에 다녀.
남고#1	남고	boys' high school	남고라서 여학생이 없어요.
넘치다#0	넘치다	to overflow, be full of	컵에 물을 너무 부어서 넘쳤어.
넘치다#1	넘치다	to overflow, be full of	걔는 늘 자신감이 넘쳐요.
눈이 높다#0	눈이 높다	to have high standards	너 눈이 너무 높은 거 아니야?
눈이 높다#1	눈이 높다	to have high standards	언니는 눈이 높아서 연애를 안 해요.
다름이 아니라#0	다름이 아니라	the reason I'm contacting you is...	다름이 아니라 숙제 때문에 연락했어요.
다름이 아니라#1	다름이 아니라	the reason I'm contacting you is...	선생님, 다름이 아니라 내일 결석해야 해서요.
닿다#0	닿다	to touch, reach	손이 선반에 안 닿아.
닿다#1	닿다	to touch, reach	버스가 학교 앞에 닿았어요.
되게#0	되게	really, very (casual)	오늘 아침 되게 춥다.
되게#1	되게	really, very (casual)	그 영화 되게 재밌어요.
드라마#0	드라마	TV drama	어제 그 드라마 봤어?
드라마#1	드라마	TV drama	드라마 보느라 늦게 잤어요.
뜬금없이#0	뜬금없이	out of the blue	걔가 뜬금없이 노래를 불렀어.
뜬금없이#1	뜬금없이	out of the blue	뜬금없이 왜 그런 걸 물어요?
마음에 들다#0	마음에 들다	to like, be to one's liking	새 가방이 마음에 들어.
마음에 들다#1	마음에 들다	to like, be to one's liking	이 머리 스타일 마음에 들어요?
만년#0	만년	perpetual (forever the same)	나는 만년 이등이야.
만년#1	만년	perpetual (forever the same)	형은 만년 다이어트 중이에요.
멋대로#0	멋대로	as one pleases, selfishly	내 물건 멋대로 쓰지 마.
멋대로#1	멋대로	as one pleases, selfishly	걔는 늘 자기 멋대로 해요.
모의시험#0	모의시험	mock exam	다음 주에 모의시험 있어.
모의시험#1	모의시험	mock exam	모의시험 점수가 생각보다 좋았어요.
바래다주다#0	바래다주다	to walk/see someone home	늦어서 친구를 집까지 바래다줬어.
바래다주다#1	바래다주다	to walk/see someone home	엄마가 정류장까지 바래다주셨어요.
벌써#0	벌써	already	벌써 점심시간이야?
벌써#1	벌써	already	숙제를 벌써 다 했어요?
부탁하다#0	부탁하다	to ask a favor	친구한테 노트 필기를 부탁했어.
부탁하다#1	부탁하다	to ask a favor	부탁할 게 하나 있어요.
비밀#0	비밀	secret	이건 우리 둘만의 비밀이야.
비밀#1	비밀	secret	비밀인데, 나 다음 달에 전학 가.
빨리#0	빨리	quickly	빨리 와, 수업 시작해!
빨리#1	빨리	quickly	빨리 방학이 왔으면 좋겠어요.
상황#0	상황	situation	지금 상황이 좀 복잡해.
상황#1	상황	situation	선생님께 상황을 설명했어요.
세다#0	세다	strong; to count	걔는 팔씨름할 때 힘이 진짜 세.
세다#1	세다	strong; to count	출석한 학생 수를 세어 보세요.
수석#0	수석	chief, head	걔가 전교 수석으로 입학했어.
수석#1	수석	chief, head	언니는 수석으로 졸업했어요.
순순히#0	순순히	obediently, without resistance	동생이 순순히 방을 치웠어.
순순히#1	순순히	obediently, without resistance	걔가 순순히 잘못을 인정했어요.
시#0	시	o'clock	학원은 일곱 시에 끝나.
시#1	시	o'clock	내일 아홉 시까지 와요.
쓰이다#0	쓰이다	to be written	칠판에 숙제가 쓰여 있어.
쓰이다#1	쓰이다	to be written	이 공책에 뭐라고 쓰여 있어요?
아이디#0	아이디	user ID	게임 아이디가 뭐야?
아이디#1	아이디	user ID	아이디를 잊어버렸어요.
앞#0	앞	front	학교 앞 분식집에서 만나.
앞#1	앞	front	맨 앞자리에 앉았어요.
어떤#0	어떤	what kind; some	너는 어떤 음악 좋아해?
어떤#1	어떤	what kind; some	어떤 사람이 너 찾았어.
엥#0	엥	huh? (casual)	엥? 오늘 수업 없다고?
엥#1	엥	huh? (casual)	엥, 이게 정답이라고?
영화관#0	영화관	movie theater	주말에 영화관 갈래?
영화관#1	영화관	movie theater	영화관에서 팝콘을 샀어요.
왕자님#0	왕자님	prince	내 동생은 집에서 왕자님이야.
왕자님#1	왕자님	prince	동화책 속 왕자님 같아요.
유명하다#0	유명하다	to be famous	이 떡볶이집 진짜 유명해.
유명하다#1	유명하다	to be famous	그 가수는 학생들한테 유명해요.
일단#0	일단	first, for now	일단 밥부터 먹고 공부하자.
일단#1	일단	first, for now	일단 숙제부터 끝낼게요.
잊다#0	잊다	to forget	준비물을 또 잊었어.
잊다#1	잊다	to forget	내일 약속 잊지 마세요.
장난 아니다#0	장난 아니다	no joke, seriously intense (slang)	오늘 숙제 양 장난 아니야.
장난 아니다#1	장난 아니다	no joke, seriously intense (slang)	어제 콘서트 장난 아니었어요.
정도#0	정도	degree; about	학교까지 십 분 정도 걸려.
정도#1	정도	degree; about	이 정도면 합격할 수 있어요.
주#0	주	week	다음 주에 기말고사야.
주#1	주	week	일주일에 세 번 학원에 가요.
중학교#0	중학교	middle school	우리 중학교 때 같은 반이었잖아.
중학교#1	중학교	middle school	동생이 올해 중학교에 들어갔어요.
짱#0	짱	the best (slang)	이 떡볶이 맛 짱이야!
짱#1	짱	the best (slang)	우리 반 체육 대회 짱이었어.
책#0	책	book	도서관에서 책을 빌렸어.
책#1	책	book	이 책 진짜 재밌어요.
키#0	키	height; key	너 키 몇이야? 많이 컸다.
키#1	키	height; key	집 키를 잃어버렸어요.
하#0	하	ha! (scoff)	하, 또 지각이라니 진짜.
하#1	하	ha! (scoff)	하! 내가 그럴 줄 알았어.
헛짓거리#0	헛짓거리	pointless nonsense (slang, rude)	시험 전날에 헛짓거리 하지 마.
헛짓거리#1	헛짓거리	pointless nonsense (slang, rude)	그런 헛짓거리 할 시간에 공부해.
대학#0	대학	university, college	어느 대학에 가고 싶어?
대학#1	대학	university, college	언니는 서울에 있는 대학에 다녀요.
-(이)란/-단#0	-(이)란/-단	contracted -다고 하는/-이라고 하는	시험이란 말만 들어도 싫어.
-(이)란/-단#1	-(이)란/-단	contracted -다고 하는/-이라고 하는	걔가 오늘 못 온단 말이야?
-다(가) 보니(까)#0	-다(가) 보니(까)	as I kept..., I found that	매일 하다 보니 실력이 늘었어.
-다(가) 보니(까)#1	-다(가) 보니(까)	as I kept..., I found that	얘기하다 보니까 벌써 밤이에요.
-(으)려나#0	-(으)려나	I wonder if (it will)...	내일 소풍인데 비가 오려나?
-(으)려나#1	-(으)려나	I wonder if (it will)...	걔가 이 선물을 좋아하려나?
-기(야)#0	-기(야)	no ...-ing! (setting a rule)	벌칙에서 도망가기 없기!
-기(야)#1	-기(야)	no ...-ing! (setting a rule)	내일 늦기 없기야, 약속!
N만#0	N만	only N	우리 반에서 나만 숙제 안 했어?
N만#1	N만	only N	오늘은 물만 마셨어요.
대단하다#0	대단하다	to be amazing	만점이라니, 진짜 대단하다!
대단하다#1	대단하다	to be amazing	그 선수 정말 대단해요.
상담#0	상담	consultation, counseling	담임 선생님이랑 진로 상담을 했어.
상담#1	상담	consultation, counseling	엄마가 학교에 상담하러 오셨어요.
-(으)ㄴ 지 (되다)#0	-(으)ㄴ 지 (되다)	it's been (time) since	이 학원 다닌 지 일 년 됐어.
-(으)ㄴ 지 (되다)#1	-(으)ㄴ 지 (되다)	it's been (time) since	점심 먹은 지 얼마 안 됐어요.
-(으)ㄹ 텐데#0	-(으)ㄹ 텐데	it must be..., but	지금 가면 늦을 텐데.
-(으)ㄹ 텐데#1	-(으)ㄹ 텐데	it must be..., but	걔도 배고플 텐데 같이 먹자.
-나?#0	-나?	I wonder if...?	내가 너무 많이 먹었나?
-나?#1	-나?	I wonder if...?	오늘 학원 쉬나? 문이 닫혀 있네.
-더만#0	-더만	I saw that... (colloquial)	걔 노래방에서 노래 잘하더만.
-더만#1	-더만	I saw that... (colloquial)	그 집 떡볶이 맛있더만.
-지?#0	-지?	right? (confirming)	너도 그 드라마 봤지?
-지?#1	-지?	right? (confirming)	내일 시험 보는 거 맞지?
N(이)나#0	N(이)나	or; N or something	콜라나 사이다 사 와.
N(이)나#1	N(이)나	or; N or something	떡볶이나 라면 중에 골라.
N한테#0	N한테	to/at N (person)	선생님한테 혼났어.
N한테#1	N한테	to/at N (person)	동생한테 과자를 줬어요.
건물#0	건물	building	학교에 새 건물이 생겼어.
건물#1	건물	building	저 건물 삼 층이 학원이에요.
구라#0	구라	lie, BS (slang)	구라 치지 마, 다 알아.
구라#1	구라	lie, BS (slang)	그거 다 구라야, 믿지 마.
기초반#0	기초반	basic-level class	나 수학은 기초반이야.
기초반#1	기초반	basic-level class	기초반부터 다시 시작했어요.
끝내주다#0	끝내주다	to be awesome (slang)	이 라면 맛 끝내준다!
끝내주다#1	끝내주다	to be awesome (slang)	어제 경기 끝내줬어요.
놀라다#0	놀라다	to be surprised, startled	갑자기 불러서 깜짝 놀랐어.
놀라다#1	놀라다	to be surprised, startled	시험 점수 보고 놀랐어요.
대신#0	대신	instead	엄마 대신 내가 동생을 데리러 갔어.
대신#1	대신	instead	밥 대신 빵을 먹었어요.
돌아가다#0	돌아가다	to go back	이제 교실로 돌아가자.
돌아가다#1	돌아가다	to go back	방학 끝나고 학교로 돌아갔어요.
동반#0	동반	accompanying, together with	내일 부모님 동반 상담이 있어.
동반#1	동반	accompanying, together with	보호자 동반 없이는 못 들어가요.
목마르다#0	목마르다	to be thirsty	체육 끝나니까 너무 목말라.
목마르다#1	목마르다	to be thirsty	목마르면 물 마셔요.
무리하다#0	무리하다	to be unreasonable, too much	그건 좀 무리한 부탁이야.
무리하다#1	무리하다	to be unreasonable, too much	시험 전에 너무 무리하지 마세요.
뭐든#0	뭐든	anything (at all)	모르는 거 뭐든 물어봐.
뭐든#1	뭐든	anything (at all)	배고파서 뭐든 먹을 수 있어요.
받다#0	받다	to receive	친구한테 생일 선물 받았어!
받다#1	받다	to receive	친구한테 문자를 받았어요.
범생#0	범생	goody-goody, model student (slang)	걔는 완전 범생이야.
범생#1	범생	goody-goody, model student (slang)	범생도 가끔은 놀고 싶어.
볼일#0	볼일	errand, business	잠깐 볼일 좀 보고 올게.
볼일#1	볼일	errand, business	볼일이 있어서 먼저 갈게요.
뽀뽀하다#0	뽀뽀하다	to kiss (a peck)	동생이 엄마 볼에 뽀뽀했어.
뽀뽀하다#1	뽀뽀하다	to kiss (a peck)	강아지가 내 얼굴에 뽀뽀했어요.
상관하다#0	상관하다	to mind, care, meddle	내가 뭘 하든 상관하지 마.
상관하다#1	상관하다	to mind, care, meddle	저는 아무거나 상관 안 해요.
생초보#0	생초보	total beginner	나 기타는 생초보야.
생초보#1	생초보	total beginner	생초보라서 천천히 배우고 있어요.
스토커#0	스토커	stalker	스토커처럼 따라오지 마.
스토커#1	스토커	stalker	드라마 속 스토커가 너무 무서웠어요.
아무튼#0	아무튼	anyway	아무튼 내일 늦지 마.
아무튼#1	아무튼	anyway	아무튼 시험은 끝났어요.
엑#0	엑	eh?! (surprise)	엑, 이게 무슨 맛이야?
엑#1	엑	eh?! (surprise)	엑! 숙제가 두 배라고?
요컨대#0	요컨대	in short	요컨대 숙제를 안 했다는 거지?
요컨대#1	요컨대	in short	요컨대 연습이 제일 중요해요.
이루다#0	이루다	to achieve	나는 꼭 꿈을 이룰 거야.
이루다#1	이루다	to achieve	목표를 이루려고 열심히 해요.
입학#0	입학	school entrance	입학 첫날이라 너무 떨렸어.
입학#1	입학	school entrance	동생이 고등학교에 입학했어요.
절박하다#0	절박하다	to be desperate	시험이 내일이라 너무 절박해.
절박하다#1	절박하다	to be desperate	절박한 마음으로 공부했어요.
쪼그맣다#0	쪼그맣다	to be tiny (colloquial)	쪼그만 게 말을 잘하네.
쪼그맣다#1	쪼그맣다	to be tiny (colloquial)	쪼그만 강아지가 너무 귀여워요.
표정#0	표정	facial expression	너 표정이 왜 그래? 무슨 일 있어?
표정#1	표정	facial expression	점수를 보고 표정이 굳었어요.
한참#0	한참	for a long time	버스를 한참 기다렸어.
한참#1	한참	for a long time	한참 웃었더니 배가 아파요.
해대다#0	해대다	to do (something) a lot, go on doing	동생이 질문을 해대서 귀찮아.
해대다#1	해대다	to do (something) a lot, go on doing	옆에서 잔소리를 해대서 집중이 안 돼요.
훨씬#0	훨씬	much (more)	이번 시험이 훨씬 쉬웠어.
훨씬#1	훨씬	much (more)	버스보다 지하철이 훨씬 빨라요.
보다#0	보다	to see; look	칠판 글씨가 잘 안 보여요.
보다#1	보다	to see; look	주말에 친구랑 영화 보러 갈 거야.
응#0	응	yeah, uh-huh (casual)	응, 나도 지금 학교 가는 중이야.
응#1	응	yeah, uh-huh (casual)	숙제 다 했어? 응, 어제 끝냈어.
아#0	아	ah, oh	아, 오늘 체육복 안 가져왔다!
아#1	아	ah, oh	아, 그래서 시험이 미뤄졌구나.
-자#0	-자	let's	배고픈데 매점 가자!
-자#1	-자	let's	시험 끝나면 같이 노래방 가자.
우리#0	우리	we, our	우리 반이 축구 대회에서 이겼어!
우리#1	우리	we, our	우리 내일 도서관에서 만날래?
말하다#0	말하다	to speak	선생님한테 솔직하게 말할게요.
말하다#1	말하다	to speak	너무 빨리 말해서 못 알아들었어.
이것#0	이것	this	이것 좀 들어 줄 수 있어요?
이것#1	이것	this	이것보다 저게 더 싸요.
-아/어 보다#0	-아/어 보다	try doing	이 떡볶이 한번 먹어 봐.
-아/어 보다#1	-아/어 보다	try doing	모르면 선생님한테 물어봐.
좋아하다#0	좋아하다	to like	나는 수학보다 영어를 더 좋아해.
좋아하다#1	좋아하다	to like	무슨 노래 좋아해요?
-(스)ㅂ니다#0	-(스)ㅂ니다	formal polite ending	지금부터 수업을 시작하겠습니다.
-(스)ㅂ니다#1	-(스)ㅂ니다	formal polite ending	발표 잘 들어 주셔서 감사합니다.
-겠-#0	-겠-	will; must be (guess/intention)	하늘을 보니 곧 비가 오겠다.
-겠-#1	-겠-	will; must be (guess/intention)	오늘은 꼭 일찍 자겠습니다.
-지#0	-지	right?; of course	너도 그 드라마 봤지?
-지#1	-지	right?; of course	시험 어려웠지? 나도 망했어.
나오다#0	나오다	to come out	종이 치자 애들이 교실에서 나왔어.
나오다#1	나오다	to come out	시험 결과가 내일 나와요.
없다#0	없다	to not exist, lack	오늘은 숙제가 없어서 좋다.
없다#1	없다	to not exist, lack	지갑에 돈이 하나도 없어.
-(으)ㄹ게#0	-(으)ㄹ게	I'll (promise)	나 학원 때문에 먼저 갈게, 내일 봐!
-(으)ㄹ게#1	-(으)ㄹ게	I'll (promise)	이따가 꼭 전화할게.
-네#0	-네	oh, ...! (realization)	와, 벌써 비가 그쳤네.
-네#1	-네	oh, ...! (realization)	너 오늘 머리 잘랐네?
-지 않다#0	-지 않다	not (negation)	오늘은 별로 춥지 않아요.
-지 않다#1	-지 않다	not (negation)	그 문제는 생각보다 어렵지 않았어.
그냥#0	그냥	just, simply	그냥 집에서 쉬고 싶어.
그냥#1	그냥	just, simply	이유 없어, 그냥 물어본 거야.
남친#0	남친	boyfriend (slang)	민지 남친이 옆 학교 다닌대.
남친#1	남친	boyfriend (slang)	남친 생기면 제일 먼저 말해 줘.
네#0	네	four (before units); yes	네, 선생님. 숙제 다 했어요.
네#1	네	four (before units); yes	사과 네 개만 주세요.
당하다#0	당하다	to suffer, undergo	길에서 사기를 당할 뻔했어.
당하다#1	당하다	to suffer, undergo	어제 버스에서 소매치기를 당했어요.
먼저#0	먼저	first	먼저 씻고 밥 먹을게.
먼저#1	먼저	first	내가 먼저 왔으니까 내 차례야.
미안#0	미안	sorry (casual)	미안, 늦잠 자서 늦었어.
미안#1	미안	sorry (casual)	어제 괜히 너한테 화내서 미안.
애#0	애	kid, child	저 애가 우리 반 새로 온 전학생이야.
애#1	애	kid, child	옆집 애가 아침마다 울어요.
저#0	저	I (humble); that	저는 고등학교 이 학년이에요.
저#1	저	I (humble); that	저 건물이 우리 학원이야.
지금#0	지금	now	죄송한데 지금 몇 시예요?
지금#1	지금	now	미안, 지금 수업 중이라 못 받아.
-(으)ㄹ래#0	-(으)ㄹ래	want to? / I'll (casual)	점심에 라면 먹을래?
-(으)ㄹ래#1	-(으)ㄹ래	want to? / I'll (casual)	나 피곤해서 그냥 집에 갈래.
-거든#0	-거든	you see, (it's) because	오늘 못 놀아, 학원 가야 하거든.
-거든#1	-거든	you see, (it's) because	이 노래 진짜 좋거든, 들어 봐.
-아/어도 되다#0	-아/어도 되다	it's okay to	이 자리 비었으면 여기 앉아도 돼요?
-아/어도 되다#1	-아/어도 되다	it's okay to	네 펜 좀 잠깐 빌려 가도 돼?
-지만#0	-지만	but	시험은 어려웠지만 재미있었어.
-지만#1	-지만	but	배고프지만 다이어트 중이야.
같이#0	같이	together	우리 같이 숙제할래?
같이#1	같이	together	친구들이랑 같이 점심을 먹었어요.
놀다#0	놀다	to play	주말에 친구 집에서 놀았어.
놀다#1	놀다	to play	시험 끝나면 실컷 놀 거야.
다음#0	다음	next	다음 주에 기말고사가 있어요.
다음#1	다음	next	이번 정류장 말고 다음에 내려.
많다#0	많다	many; much	오늘 숙제가 너무 많아.
많다#1	많다	many; much	급식실에 사람이 많네요.
무섭다#0	무섭다	scary	어젯밤에 무서운 영화 봤어.
무섭다#1	무섭다	scary	수학 선생님은 화나면 진짜 무서워.
반#0	반	half	피자 반은 네가 먹어.
반#1	반	half	시험 범위의 반도 못 봤어.
설레다#0	설레다	to flutter (with excitement)	내일 수학여행 가서 너무 설레!
설레다#1	설레다	to flutter (with excitement)	새 학기 첫날이라 좀 설레요.
얘기하다#0	얘기하다	to talk	어제 친구랑 밤새 얘기했어.
얘기하다#1	얘기하다	to talk	그 일은 엄마한테 얘기하지 마.
오다#0	오다	to come	버스가 왜 이렇게 안 오지?
오다#1	오다	to come	내일 우리 집에 놀러 올래?
이번#0	이번	this time	이번 시험은 꼭 잘 볼 거야.
이번#1	이번	this time	이번 주말에 뭐 해요?
평범하다#0	평범하다	to be ordinary	나는 그냥 평범한 고등학생이야.
평범하다#1	평범하다	to be ordinary	오늘도 평범한 하루였어요.
학원#0	학원	cram school, academy	학교 끝나고 바로 학원 가야 돼.
학원#1	학원	cram school, academy	영어 학원을 새로 다니기 시작했어요.
-(는) 거나 다름없다#0	-(는) 거나 다름없다	is as good as, no different from	이 정도면 숙제 다 한 거나 다름없어.
-(는) 거나 다름없다#1	-(는) 거나 다름없다	is as good as, no different from	오늘 지각한 거나 다름없네.
-(으)ㄴ걸#0	-(으)ㄴ걸	you know... (soft explanation)	미안, 네 과자 벌써 다 먹은걸.
-(으)ㄴ걸#1	-(으)ㄴ걸	you know... (soft explanation)	나도 그거 처음 들은걸.
-(으)ㄹ 일 있어?#0	-(으)ㄹ 일 있어?	is there any reason to...? (rhetorical)	시험 하나 망친 걸로 울 일 있어?
-(으)ㄹ 일 있어?#1	-(으)ㄹ 일 있어?	is there any reason to...? (rhetorical)	그렇게 화낼 일 있어?
-(으)ㅁ#0	-(으)ㅁ	note-style ending	내일 시험 범위: 삼 단원까지임.
-(으)ㅁ#1	-(으)ㅁ	note-style ending	오늘 체육 수업 없음.
-(이)라도#0	-(이)라도	even if it's, at least	심심하면 산책이라도 하자.
-(이)라도#1	-(이)라도	even if it's, at least	밥 못 먹으면 물이라도 좀 마셔.
-(이)야말로#0	-(이)야말로	precisely, of all (emphasis)	너야말로 왜 이렇게 늦었어?
-(이)야말로#1	-(이)야말로	precisely, of all (emphasis)	이번이야말로 일 등 할 거야.
-고 있다#0	-고 있다	be -ing	지금 숙제하고 있어.
-고 있다#1	-고 있다	be -ing	친구를 기다리고 있어요.
-기 힘들다#0	-기 힘들다	hard to (do)	아침에 일찍 일어나기 힘들어.
-기 힘들다#1	-기 힘들다	hard to (do)	이 문제는 혼자 풀기 힘들어요.
-끼리#0	-끼리	among (ourselves), just us	우리끼리만 아는 비밀이야.
-끼리#1	-끼리	among (ourselves), just us	여자애들끼리 노래방에 갔어.
-다가#0	-다가	while doing, then	공부하다가 잠이 들었어.
-다가#1	-다가	while doing, then	집에 가다가 친구를 만났어요.
-다잖아#0	-다잖아	they say, you know	내일 비 온다잖아, 우산 챙겨.
-다잖아#1	-다잖아	they say, you know	선생님이 시험 쉽다잖아.
-부터#0	-부터	from, since	내일부터 방학이에요!
-부터#1	-부터	from, since	처음부터 다시 읽어 봐.
-아/어 있다#0	-아/어 있다	be in a state (resulting)	교실 문이 열려 있어요.
-아/어 있다#1	-아/어 있다	be in a state (resulting)	벌써 다들 앉아 있네.
-아/어야겠다#0	-아/어야겠다	I guess I'd better	내일 시험이니까 오늘은 일찍 자야겠다.
-아/어야겠다#1	-아/어야겠다	I guess I'd better	배고파서 뭐 좀 먹어야겠어.
-자고#0	-자고	(said) let's... (quoted)	친구가 같이 공부하자고 했어.
-자고#1	-자고	(said) let's... (quoted)	엄마가 주말에 외식하자고 하셨어요.
-죠#0	-죠	right? (polite)	오늘 날씨 정말 좋죠?
-죠#1	-죠	right? (polite)	이 문제 답이 삼 번이죠?
가까이#0	가까이	near, close by	우리 집은 학교 가까이에 있어요.
가까이#1	가까이	near, close by	잘 안 들려, 좀 더 가까이 와 봐.
거리#0	거리	distance; street	학교까지 걸어서 십 분 거리야.
거리#1	거리	distance; street	밤에는 거리에 사람이 별로 없어요.
걷다#0	걷다	to walk	버스 대신 학교까지 걸었어.
걷다#1	걷다	to walk	반장이 반비를 걷고 있어요.
계속#0	계속	continuously	계속 졸려서 수업에 집중이 안 돼.
계속#1	계속	continuously	비가 하루 종일 계속 와요.
공부#0	공부	study	요즘 공부만 하느라 너무 피곤해.
공부#1	공부	study	도서관에서 같이 공부하자.
구석#0	구석	corner	교실 구석에 가방을 놔뒀어.
구석#1	구석	corner	방 구석구석을 다 찾아봤어요.
그러고 보니#0	그러고 보니	come to think of it	그러고 보니 오늘 네 생일이네!
그러고 보니#1	그러고 보니	come to think of it	그러고 보니 숙제를 안 가져왔어.
그야#0	그야	well, of course	그야 네가 먼저 화냈으니까 그렇지.
그야#1	그야	well, of course	그야 당연히 시험 때문이지.
꼭#0	꼭	surely, be sure to	내일은 시험이니까 꼭 일찍 와.
꼭#1	꼭	surely, be sure to	이 책 꼭 읽어 보세요.
나도 모르게#0	나도 모르게	without realizing	나도 모르게 수업 시간에 잠들었어.
나도 모르게#1	나도 모르게	without realizing	너무 웃겨서 나도 모르게 웃었어.
내주다#0	내주다	to pay for, hand over	오늘 점심은 내가 내줄게.
내주다#1	내주다	to pay for, hand over	친구한테 자리를 내줬어요.
다니다#0	다니다	to go around, travel	저는 집 근처 고등학교에 다녀요.
다니다#1	다니다	to go around, travel	요즘 수영 학원에 다니고 있어.
다시#0	다시	again	다시 한번 말해 줄래?
다시#1	다시	again	틀린 문제를 다시 풀어 봤어요.
당연히#0	당연히	of course	당연히 너도 같이 가야지.
당연히#1	당연히	of course	숙제는 당연히 다 했어요.
대박#0	대박	awesome!; jackpot (slang)	와, 시험 백 점이야? 대박!
대박#1	대박	awesome!; jackpot (slang)	이 떡볶이 맛 진짜 대박이다.
데리고 가다#0	데리고 가다	to take (someone) along	동생을 학원에 데리고 갔어.
데리고 가다#1	데리고 가다	to take (someone) along	나도 데리고 가면 안 돼?
들어가다#0	들어가다	to go in	수업 시작했으니까 빨리 들어가자.
들어가다#1	들어가다	to go in	늦어서 교실에 못 들어갔어요.
따돌림#0	따돌림	being ostracized, bullying	요즘 학교 따돌림 문제가 심각해요.
따돌림#1	따돌림	being ostracized, bullying	따돌림을 당하면 꼭 선생님께 말해.
또래#0	또래	peer (same age)	또래 친구들이랑 노는 게 제일 재밌어.
또래#1	또래	peer (same age)	그 애는 또래보다 키가 커요.
많이#0	많이	a lot	어제 공부 많이 했어?
많이#1	많이	a lot	시험 기간이니까 많이 먹고 힘내.
망하다#0	망하다	to be ruined	이번 수학 시험 완전 망했어.
망하다#1	망하다	to be ruined	그 가게는 손님이 없어서 망했대.
머리#0	머리	head	아침부터 머리가 너무 아파요.
머리#1	머리	head	머리 좀 잘랐어? 잘 어울린다.
모고#0	모고	mock exam (slang)	내일 모고라서 오늘 밤샐 거야.
모고#1	모고	mock exam (slang)	이번 모고 점수 생각보다 잘 나왔어.
모의고사#0	모의고사	mock exam	다음 주에 모의고사를 봐요.
모의고사#1	모의고사	mock exam	모의고사 성적이 조금 올랐어.
밀어붙이다#0	밀어붙이다	to push against	책상을 벽 쪽으로 밀어붙였어.
밀어붙이다#1	밀어붙이다	to push against	사람들이 나를 문 쪽으로 밀어붙였어요.
반장#0	반장	class president	이번 학기 반장으로 뽑혔어!
반장#1	반장	class president	반장이 오늘 공지를 알려 줬어요.
벌금#0	벌금	fine, penalty	도서관 책을 늦게 내서 벌금을 냈어.
벌금#1	벌금	fine, penalty	지각하면 벌금 천 원이야.
보내다#0	보내다	to send	사진 찍어서 나한테 보내 줘.
보내다#1	보내다	to send	엄마가 동생을 학원에 보냈어요.
부럽다#0	부럽다	envious	방학 때 해외여행 간다고? 부럽다!
부럽다#1	부럽다	envious	공부 잘하는 친구가 늘 부러워요.
비다#0	비다	to be empty	교실이 텅 비어 있어요.
비다#1	비다	to be empty	배가 비어서 집중이 안 돼.
사귀다#0	사귀다	to date; befriend	전학 와서 새 친구를 많이 사귀었어.
사귀다#1	사귀다	to date; befriend	걔네 둘이 사귄 지 백 일 됐대.
생각하다#0	생각하다	to think	잘 생각해 보고 대답해.
생각하다#1	생각하다	to think	저는 그게 맞다고 생각해요.
소개시키다#0	소개시키다	to introduce (someone) (colloquial)	괜찮은 친구 있으면 소개시켜 줘.
소개시키다#1	소개시키다	to introduce (someone) (colloquial)	내 동생을 친구들한테 소개시켰어.
손목#0	손목	wrist	체육 시간에 손목을 다쳤어요.
손목#1	손목	wrist	손목시계를 잃어버렸어.
시작하다#0	시작하다	to start	오늘부터 운동을 시작했어요.
시작하다#1	시작하다	to start	수업 시작하니까 핸드폰 넣어.
쏘다#0	쏘다	to shoot; to sting	시험 끝났으니까 오늘은 내가 쏠게!
쏘다#1	쏘다	to shoot; to sting	벌이 팔을 쏘아서 많이 부었어요.
아무나#0	아무나	anyone	이 문제는 아무나 못 풀어.
아무나#1	아무나	anyone	아무나 먼저 발표해 볼래요?
앞으로#0	앞으로	from now on	앞으로는 지각 안 할게요.
앞으로#1	앞으로	from now on	앞으로 더 열심히 공부할 거야.
어떻다#0	어떻다	how; to be how	오늘 본 수학 시험 어땠어?
어떻다#1	어떻다	how; to be how	이 옷 어때요? 괜찮아요?
어차피#0	어차피	anyway, after all	어차피 늦었으니까 천천히 가자.
어차피#1	어차피	anyway, after all	어차피 내일 또 볼 거잖아.
얼굴#0	얼굴	face	너 얼굴이 왜 이렇게 빨개?
얼굴#1	얼굴	face	아침에 일어나니까 얼굴이 부었어요.
엄청#0	엄청	really, hugely	오늘 교실이 엄청 덥다.
엄청#1	엄청	really, hugely	그 영화 엄청 재밌었어.
에잇#0	에잇	aw, pfft, darn	에잇, 또 버스 놓쳤네.
에잇#1	에잇	aw, pfft, darn	에잇, 답을 잘못 썼잖아.
여태#0	여태	until now	여태 숙제 안 하고 뭐 했어?
여태#1	여태	until now	여태 이런 맛은 처음이에요.
예쁘다#0	예쁘다	to be pretty	네 필통 진짜 예쁘다.
예쁘다#1	예쁘다	to be pretty	교정에 핀 꽃이 정말 예뻐요.
우수하다#0	우수하다	to be excellent	그 학생은 성적이 아주 우수해요.
우수하다#1	우수하다	to be excellent	우수한 학생에게 장학금을 줘요.
웬일#0	웬일	what's going on? (surprise)	웬일이야, 네가 일찍 왔네?
웬일#1	웬일	what's going on? (surprise)	웬일로 숙제를 다 했어?
의외#0	의외	unexpected, surprising	네가 운동을 잘하다니 의외다.
의외#1	의외	unexpected, surprising	시험이 의외로 쉬웠어요.
이만#0	이만	now, at this point (to leave)	늦었으니까 이만 갈게.
이만#1	이만	now, at this point (to leave)	오늘 수업은 이만 마치겠습니다.
인사#0	인사	greeting	아침에 선생님께 인사를 드렸어요.
인사#1	인사	greeting	새로 온 친구랑 인사했어?
일부러#0	일부러	on purpose	일부러 그런 거 아니야, 미안해.
일부러#1	일부러	on purpose	일부러 늦게 간 거야?
자랑하다#0	자랑하다	to brag, show off	새 핸드폰을 친구들한테 자랑했어.
자랑하다#1	자랑하다	to brag, show off	시험 점수를 엄마한테 자랑했어요.
잡다#0	잡다	to catch; to grab	버스 손잡이를 꼭 잡아.
잡다#1	잡다	to catch; to grab	공을 한 손으로 잡았어요.
저렇다#0	저렇다	to be like that	쟤는 왜 저렇게 화가 났어?
저렇다#1	저렇다	to be like that	저런 가방 하나 갖고 싶다.
절대#0	절대	absolutely	이건 절대 비밀이야.
절대#1	절대	absolutely	저는 절대 지각 안 해요.
제발#0	제발	please	제발 이번 시험만 잘 봤으면 좋겠다.
제발#1	제발	please	제발 조용히 좀 해 줘.
좋다#0	좋다	to be good	오늘 날씨 진짜 좋다.
좋다#1	좋다	to be good	급식 메뉴가 좋아서 기분이 좋아요.
죄송하다#0	죄송하다	to be sorry (polite)	늦어서 정말 죄송합니다.
죄송하다#1	죄송하다	to be sorry (polite)	숙제를 못 해서 죄송해요.
중간고사#0	중간고사	midterm exam	중간고사가 다음 주라서 바빠요.
중간고사#1	중간고사	midterm exam	중간고사 끝나면 놀러 가자.
지우개#0	지우개	eraser	지우개 좀 빌려줄래?
지우개#1	지우개	eraser	지우개를 또 잃어버렸어요.
짓#0	짓	deed; act	그런 짓 하면 선생님한테 혼나.
짓#1	짓	deed; act	왜 그런 바보 같은 짓을 했어?
찾다#0	찾다	to look for	내 핸드폰 어디 있는지 같이 찾아 줘.
찾다#1	찾다	to look for	도서관에서 책을 찾고 있어요.
친해지다#0	친해지다	to become close	같은 동아리라서 금방 친해졌어.
친해지다#1	친해지다	to become close	새 짝이랑 빨리 친해지고 싶어요.
패싸움#0	패싸움	gang fight	옆 동네에서 패싸움이 났대.
패싸움#1	패싸움	gang fight	패싸움에 끼면 큰일 나.
하아#0	하아	sigh	하아, 숙제가 왜 이렇게 많아.
하아#1	하아	sigh	하아, 내일 또 시험이네.
학생#0	학생	student	우리 학교 학생은 모두 천 명이에요.
학생#1	학생	student	학생, 여기서 뛰면 안 돼요.
화#0	화	fire (hanja); anger	친구가 약속을 어겨서 화가 났어.
화#1	화	fire (hanja); anger	그렇게 화내지 말고 얘기해 봐.
힘들다#0	힘들다	to be hard	오늘 체육 시간이 너무 힘들었어.
힘들다#1	힘들다	to be hard	요즘 공부하느라 많이 힘들어요.
괴롭히다#0	괴롭히다	to bully, harass, pick on	동생 좀 그만 괴롭혀.
괴롭히다#1	괴롭히다	to bully, harass, pick on	약한 친구를 괴롭히면 안 돼요.
긴장#0	긴장	nervousness, tension	발표 전에 너무 긴장했어.
긴장#1	긴장	nervousness, tension	면접 때 긴장해서 말을 더듬었어요.
거기#0	거기	there	거기 가방 좀 집어 줄래?
거기#1	거기	there	거기서 기다려, 금방 갈게.
어#0	어	uh; yeah	어, 너도 여기 있었네?
어#1	어	uh; yeah	어, 알았어. 이따 학원에서 봐.
이거#0	이거	this (thing)	책상 위에 있던 이거 네 거야?
이거#1	이거	this (thing)	아저씨, 이거 하나에 얼마예요?
-다(가) 가다#0	-다(가) 가다	do... before leaving	비 그칠 때까지 좀 쉬다 가.
-다(가) 가다#1	-다(가) 가다	do... before leaving	우리 집에서 저녁 먹고 가.
노래#0	노래	song	이 노래 요즘 진짜 유행이야.
노래#1	노래	song	축제 때 노래를 불렀어요.
말을 걸다#0	말을 걸다	to talk to, strike up a conversation	전학생한테 먼저 말을 걸어 봤어.
말을 걸다#1	말을 걸다	to talk to, strike up a conversation	모르는 사람이 길에서 말을 걸었어요.
어쩌다#0	어쩌다	to do (어쩔 수 없다 = no choice)	숙제를 안 가져왔어, 어쩌지?
어쩌다#1	어쩌다	to do (어쩔 수 없다 = no choice)	비가 와서 어쩔 수 없이 집에 있었어.
이제#0	이제	now	숙제 다 했으니까 이제 집에 가자.
이제#1	이제	now	이제는 혼자서도 잘해요.
-(으)ㄴ 김에#0	-(으)ㄴ 김에	while at it; since... anyway	편의점 간 김에 우유 좀 사 와.
-(으)ㄴ 김에#1	-(으)ㄴ 김에	while at it; since... anyway	나온 김에 영화도 보자.
-(으)ㄹ#0	-(으)ㄹ	future/potential modifier	내일 할 일이 너무 많아.
-(으)ㄹ#1	-(으)ㄹ	future/potential modifier	지금은 나갈 타이밍이 아니야.
-(으)려고 하다#0	-(으)려고 하다	intend to...	이번 방학에 운동을 하려고 해요.
-(으)려고 하다#1	-(으)려고 하다	intend to...	막 나가려고 했는데 전화가 왔어.
-(으)면서#0	-(으)면서	while; even though	음악을 들으면서 공부해요.
-(으)면서#1	-(으)면서	while; even though	답 다 알면서 왜 나한테 물어봐?
-게#0	-게	so that; -ly (adverb)	뒤에서도 들리게 크게 말해 줘.
-게#1	-게	so that; -ly (adverb)	오늘은 재미있게 놀자.
-기는커녕#0	-기는커녕	far from...; let alone	숙제를 하기는커녕 책도 안 폈어.
-기는커녕#1	-기는커녕	far from...; let alone	쉬기는커녕 더 바빠졌어요.
-는 거예요?#0	-는 거예요?	what are you...-ing?	지금 뭐 하는 거예요?
-는 거예요?#1	-는 거예요?	what are you...-ing?	이렇게 늦은 시간에 어디 가는 거예요?
-더라#0	-더라	I noticed that... (retrospective)	그 식당 생각보다 맛있더라.
-더라#1	-더라	I noticed that... (retrospective)	민지가 아까 울고 있더라.
-아/어야 하다#0	-아/어야 하다	have to...	내일까지 숙제를 내야 해요.
-아/어야 하다#1	-아/어야 하다	have to...	아홉 시까지 학원에 가야 해.
-자는 거#0	-자는 거	the idea was to... (quoted suggestion)	같이 공부하자는 거였지, 놀자는 거 아니야.
-자는 거#1	-자는 거	the idea was to... (quoted suggestion)	내 말은 내일 다시 하자는 거야.
거기서 거기#0	거기서 거기	all the same, no different	두 학원 다 거기서 거기야.
거기서 거기#1	거기서 거기	all the same, no different	이 점수나 저 점수나 거기서 거기네.
곡#0	곡	counter for songs	노래방에서 딱 한 곡만 더 부르자.
곡#1	곡	counter for songs	이 앨범에는 열 곡이 들어 있어요.
그만#0	그만	stop, no more	그만 놀고 이제 숙제 좀 해.
그만#1	그만	stop, no more	내일 학교 가야 하니까 이제 그만 자자.
기회#0	기회	chance, opportunity	이번 기회를 놓치지 마.
기회#1	기회	chance, opportunity	발표할 기회가 생겨서 기뻐요.
끌려오다#0	끌려오다	to be dragged in	친구한테 끌려와서 동아리에 들어왔어.
끌려오다#1	끌려오다	to be dragged in	억지로 끌려온 거라 재미없어.
내내#0	내내	all through	방학 내내 집에만 있었어.
내내#1	내내	all through	수업 시간 내내 졸았어요.
누나#0	누나	older sister (of a male)	우리 누나는 대학생이에요.
누나#1	누나	older sister (of a male)	누나, 나 이번 주 용돈 좀 줘.
동안#0	동안	during, for	여름 방학 동안 뭐 하고 지냈어?
동안#1	동안	during, for	십 분 동안 쉬는 시간이에요.
또#0	또	again	너 오늘 또 지각했어?
또#1	또	again	오늘 즐거웠어요, 내일 또 만나요.
명찰#0	명찰	name tag	명찰 안 달면 벌점이야.
명찰#1	명찰	name tag	새 교복에 명찰을 달았어요.
번호를 따다#0	번호를 따다	to get someone's number (colloquial)	어제 학원에서 누가 번호를 땄대.
번호를 따다#1	번호를 따다	to get someone's number (colloquial)	용기 내서 번호를 따 볼까?
볼 일#0	볼 일	business, reason to see	이제 그 가게에 볼 일 없어.
볼 일#1	볼 일	business, reason to see	은행에 볼 일이 있어서 먼저 갈게.
분위기#0	분위기	atmosphere, mood	오늘 교실 분위기가 좀 이상해.
분위기#1	분위기	atmosphere, mood	이 카페는 분위기가 좋아요.
손#0	손	hand	밥 먹기 전에 손 씻어.
손#1	손	hand	답 아는 사람 손 들어 보세요.
시키다#0	시키다	to order, make do	선생님이 나한테 청소를 시켰어.
시키다#1	시키다	to order, make do	배고픈데 치킨 시킬까?
싱겁다#0	싱겁다	bland	오늘 급식 국이 너무 싱거워.
싱겁다#1	싱겁다	bland	싱거우면 소금 좀 넣어요.
아직도#0	아직도	still	아직도 숙제 안 끝났어?
아직도#1	아직도	still	그 얘기 아직도 기억해요.
어색하다#0	어색하다	to be awkward	처음 만난 친구랑 있으니까 좀 어색했어.
어색하다#1	어색하다	to be awkward	싸운 후로 우리 사이가 어색해요.
얼마나#0	얼마나	how (much, long)	여기서 학교까지 얼마나 걸려요?
얼마나#1	얼마나	how (much, long)	내가 얼마나 기다렸는지 알아?
오랜만#0	오랜만	long time (no see)	와, 진짜 오랜만이다!
오랜만#1	오랜만	long time (no see)	오랜만에 친구들이랑 축구했어요.
이어지다#0	이어지다	to continue, stretch on	회의가 저녁까지 이어졌어요.
이어지다#1	이어지다	to continue, stretch on	이 길은 학교까지 이어져 있어.
잘 가#0	잘 가	bye (to someone leaving)	잘 가, 내일 학교에서 봐!
잘 가#1	잘 가	bye (to someone leaving)	밤이 늦었으니까 조심해서 잘 가.
전#0	전	before	자기 전에 꼭 양치하고 자.
전#1	전	before	이 년 전에 이 동네로 이사 왔어요.
주다#0	주다	to give	친구가 생일 선물을 줬어.
주다#1	주다	to give	목마른데 물 한 잔만 줄래?
직빵#0	직빵	works instantly, sure-fire (slang)	졸릴 때는 커피가 직빵이야.
직빵#1	직빵	works instantly, sure-fire (slang)	이 방법 외울 때 직빵이에요.
터지다#0	터지다	to burst; explode	풍선이 갑자기 터졌어.
터지다#1	터지다	to burst; explode	그 얘기 듣고 웃음이 터졌어.
풀다#0	풀다	to untie	신발 끈이 꽉 묶였어, 좀 풀어 줘.
풀다#1	풀다	to untie	심호흡하면서 긴장을 풀어 봐.
효과#0	효과	effect	이 약은 효과가 빨라요.
효과#1	효과	effect	단어 카드로 외우니까 효과 있어.
-는/(으)ㄴ 거야#0	-는/(으)ㄴ 거야	it's that... (explaining/asking)	왜 이렇게 늦은 거야?
-는/(으)ㄴ 거야#1	-는/(으)ㄴ 거야	it's that... (explaining/asking)	지금 어디 가는 거야?
어제#0	어제	yesterday	어제 학원 끝나고 바로 잤어.
어제#1	어제	yesterday	어제 본 영화 정말 재밌었어요.
-아/야#0	-아/야	vocative (calling a name)	지훈아, 매점에 같이 가자!
-아/야#1	-아/야	vocative (calling a name)	민지야, 이거 네 거야?
전교#0	전교	whole school	이번 시험에서 전교 일 등 했대.
전교#1	전교	whole school	전교생이 운동장에 모였어요.
-구나#0	-구나	oh, ...! (realization)	아, 오늘 휴일이구나.
-구나#1	-구나	oh, ...! (realization)	너 진짜 노래 잘하는구나!
그리고#0	그리고	and	밥 먹고, 그리고 숙제할게.
그리고#1	그리고	and	저는 영어를 좋아해요. 그리고 수학도요.
만나다#0	만나다	to meet	방과 후에 친구를 만났어.
만나다#1	만나다	to meet	내일 몇 시에 만날까?
생각나다#0	생각나다	to come to mind	갑자기 숙제가 생각났어!
생각나다#1	생각나다	to come to mind	이 노래 들으면 중학교 때가 생각나요.
엇#0	엇	whoa, oops	엇, 책상에서 컵 떨어진다!
엇#1	엇	whoa, oops	엇, 벌써 시간이 이렇게 됐어?
있잖아#0	있잖아	you know; hey, listen	있잖아, 나 오늘 진짜 웃긴 일 있었어.
있잖아#1	있잖아	you know; hey, listen	있잖아, 너 내일 학원 끝나고 뭐 해?
톡#0	톡	chat message (KakaoTalk) (slang)	학원 끝나면 이따가 톡 할게.
톡#1	톡	chat message (KakaoTalk) (slang)	단톡방에 톡이 백 개나 왔어.
-(으)ㄹ 리 없다#0	-(으)ㄹ 리 없다	there's no way...	그 애가 거짓말을 할 리가 없어.
-(으)ㄹ 리 없다#1	-(으)ㄹ 리 없다	there's no way...	벌써 다 끝났을 리 없어요.
-(으)러#0	-(으)러	in order to (go)...	점심 먹으러 매점에 가자.
-(으)러#1	-(으)러	in order to (go)...	책 빌리러 도서관에 왔어요.
-(이)라니#0	-(이)라니	to think that (it's)...!	벌써 기말고사라니!
-(이)라니#1	-(이)라니	to think that (it's)...!	네가 반장이라니, 믿을 수 없어.
-기다#0	-기다	it's a deal: ...	지는 사람이 아이스크림 사기다!
-기다#1	-기다	it's a deal: ...	내일은 지각 안 하기다, 알았지?
-길래#0	-길래	since (I saw that)..., so	맛있어 보이길래 하나 샀어.
-길래#1	-길래	since (I saw that)..., so	네가 안 오길래 먼저 먹었어.
-는걸#0	-는걸	but... (mild protest)	나도 열심히 했는걸.
-는걸#1	-는걸	but... (mild protest)	도와주고 싶지만 그건 좀 어려운걸.
-든지#0	-든지	whatever, either... or	가든지 말든지 마음대로 해.
-든지#1	-든지	whatever, either... or	라면이든지 김밥이든지 아무거나 먹자.
-아/어하다#0	-아/어하다	show feeling (adj → verb)	동생이 강아지를 무서워해요.
-아/어하다#1	-아/어하다	show feeling (adj → verb)	친구가 내 선물을 좋아했어.
-지 못하다#0	-지 못하다	cannot...	어제는 바빠서 숙제를 하지 못했어요.
-지 못하다#1	-지 못하다	cannot...	너무 떨려서 말하지 못했어.
감동#0	감동	being moved/touched	친구 편지를 읽고 감동받았어.
감동#1	감동	being moved/touched	그 영화 정말 감동적이었어요.
고개#0	고개	head; hill pass	모르면 고개를 끄덕이지 마.
고개#1	고개	head; hill pass	부끄러워서 고개를 숙였어요.
공동#0	공동	joint, shared (tied)	이번 시험에서 둘이 공동 일 등이야.
공동#1	공동	joint, shared (tied)	이건 우리 조 공동 과제예요.
귀엽다#0	귀엽다	to be cute	네 동생 진짜 귀엽다.
귀엽다#1	귀엽다	to be cute	이 캐릭터 필통 너무 귀여워요.
근처#0	근처	nearby	학교 근처에 새 카페가 생겼어.
근처#1	근처	nearby	이 근처에 편의점 있어요?
깨지다#0	깨지다	to break, shatter	컵이 바닥에 떨어져서 깨졌어.
깨지다#1	깨지다	to break, shatter	옆 반 걔네 결국 깨졌대.
끼어들다#0	끼어들다	to butt in, interrupt	남의 얘기에 끼어들지 마.
끼어들다#1	끼어들다	to butt in, interrupt	줄 서 있는데 누가 끼어들었어요.
낚이다#0	낚이다	to get baited, fooled (slang)	그 기사 제목에 완전 낚였어.
낚이다#1	낚이다	to get baited, fooled (slang)	장난 문자에 또 낚였네.
남자#0	남자	man, male	우리 반은 남자가 더 많아요.
남자#1	남자	man, male	그 남자 배우 요즘 인기 많아.
노래방#0	노래방	karaoke room	시험 끝나고 노래방 가자!
노래방#1	노래방	karaoke room	노래방에서 두 시간이나 놀았어요.
눈치#0	눈치	social awareness, reading the room	선생님 눈치 보면서 몰래 핸드폰 봤어.
눈치#1	눈치	social awareness, reading the room	지금 그 말을 하다니 너 진짜 눈치 없다.
다행이다#0	다행이다	to be a relief	시험 안 늦어서 다행이다.
다행이다#1	다행이다	to be a relief	다친 데가 없어서 정말 다행이에요.
댓글#0	댓글	comment (online)	내 사진에 댓글이 많이 달렸어.
댓글#1	댓글	comment (online)	나쁜 댓글은 쓰지 마세요.
두근거리다#0	두근거리다	(heart) to pound, flutter	발표 순서가 다가오니까 가슴이 두근거려.
두근거리다#1	두근거리다	(heart) to pound, flutter	성적표 볼 때마다 두근거려요.
딱딱하다#0	딱딱하다	to be hard, stiff	빵이 너무 딱딱해졌어.
딱딱하다#1	딱딱하다	to be hard, stiff	선생님 말투가 좀 딱딱해요.
로맨틱하다#0	로맨틱하다	to be romantic	그 드라마 정말 로맨틱하다.
로맨틱하다#1	로맨틱하다	to be romantic	눈 오는 날은 좀 로맨틱해요.
막#0	막	to block; just now	나 막 집에 도착했어.
막#1	막	to block; just now	버스가 막 떠났어요.
맞춤법#0	맞춤법	spelling	보고서에 맞춤법 틀린 데가 많아.
맞춤법#1	맞춤법	spelling	맞춤법 좀 확인해 줄래요?
멍청하다#0	멍청하다	stupid	그런 멍청한 실수를 또 했어.
멍청하다#1	멍청하다	stupid	나 진짜 멍청했다, 답을 밀려 썼어.
무시하다#0	무시하다	to ignore	내가 말하는데 내 말 무시하지 마.
무시하다#1	무시하다	to ignore	나쁜 댓글은 그냥 무시하세요.
박력#0	박력	force, intensity, charisma	그 선배는 말할 때 박력이 있어.
박력#1	박력	force, intensity, charisma	박력 있게 공을 찼어요.
복도#0	복도	corridor	복도에서 뛰지 마세요.
복도#1	복도	corridor	복도에서 친구랑 부딪혔어.
붙다#0	붙다	to stick	게시판에 시간표가 붙어 있어요.
붙다#1	붙다	to stick	껌이 신발에 붙었어.
빠지다#0	빠지다	to fall in	핸드폰이 물에 빠졌어.
빠지다#1	빠지다	to fall in	이건 우리 일이니까 너는 빠져.
뽑다#0	뽑다	to pick; to pull out	우리 반 반장을 뽑았어요.
뽑다#1	뽑다	to pick; to pull out	치과에서 이를 하나 뽑았어.
생각#0	생각	thought	내 생각에는 이게 정답 같아.
생각#1	생각	thought	발표 주제로 좋은 생각이 났어!
셋#0	셋	three	우리 셋이 같이 가자.
셋#1	셋	three	하나, 둘, 셋 하면 뛰어!
수업#0	수업	class, lesson	오늘 수업은 몇 시에 끝나요?
수업#1	수업	class, lesson	수업 시간에 졸면 안 돼.
쉽다#0	쉽다	easy	이번 시험은 생각보다 쉬웠어.
쉽다#1	쉽다	easy	이 문제는 쉬워 보이지만 어려워요.
시비 걸다#0	시비 걸다	to pick a fight	괜히 나한테 시비 걸지 마.
시비 걸다#1	시비 걸다	to pick a fight	버스에서 어떤 아저씨가 시비를 걸었어요.
아무것#0	아무것	anything; nothing	아침에 아무것도 안 먹었어.
아무것#1	아무것	anything; nothing	아무것도 아니야, 신경 쓰지 마.
아직#0	아직	still; not yet	벌써 열 시인데 아직 숙제 안 했어?
아직#1	아직	still; not yet	버스가 아직 안 왔어요.
애초#0	애초	the very beginning	애초에 그 학원 다니지 말걸.
애초#1	애초	the very beginning	애초 계획보다 늦어졌어요.
어떻게든#0	어떻게든	somehow, one way or another	어떻게든 내일까지 끝낼게.
어떻게든#1	어떻게든	somehow, one way or another	어떻게든 시험에 붙어야 해요.
연락하다#0	연락하다	to contact	집에 도착하면 꼭 연락해.
연락하다#1	연락하다	to contact	오랜만에 중학교 친구한테 연락했어요.
옆#0	옆	side, next to	옆 반 애가 교과서 빌려 갔어.
옆#1	옆	side, next to	자리 많으니까 내 옆에 앉아.
왕재수#0	왕재수	total jerk (slang)	새치기하는 사람 진짜 왕재수야.
왕재수#1	왕재수	total jerk (slang)	걔 오늘 완전 왕재수였어.
이동#0	이동	moving; changing rooms	다음 시간은 과학실로 이동 수업이에요.
이동#1	이동	moving; changing rooms	이동할 때 조용히 해.
일어나다#0	일어나다	to get up; happen	아침에 일찍 일어나기 힘들어.
일어나다#1	일어나다	to get up; happen	교실에서 무슨 일이 일어났어?
자꾸#0	자꾸	repeatedly	자꾸 졸려서 큰일이야.
자꾸#1	자꾸	repeatedly	동생이 자꾸 내 방에 들어와요.
재수 없다#0	재수 없다	obnoxious; unlucky (rude)	아침부터 넘어지다니, 재수 없다.
재수 없다#1	재수 없다	obnoxious; unlucky (rude)	잘난 척하는 거 진짜 재수 없어.
제출하다#0	제출하다	to submit	과제를 내일까지 제출하세요.
제출하다#1	제출하다	to submit	숙제를 늦게 제출했어.
주스#0	주스	juice	아침에 오렌지 주스를 마셨어요.
주스#1	주스	juice	매점에서 주스 하나 사 줄게.
지난주#0	지난주	last week	지난주에 시험이 끝났어요.
지난주#1	지난주	last week	지난주보다 좀 덜 바빠.
착하다#0	착하다	to be kind	우리 반 반장은 정말 착해.
착하다#1	착하다	to be kind	착한 동생이 숙제를 도와줬어요.
천천히#0	천천히	slowly	천천히 먹어, 체하겠다.
천천히#1	천천히	slowly	조금만 더 천천히 말해 주세요.
키스신#0	키스신	kiss scene	드라마 키스신에서 동생이 눈을 가렸어.
키스신#1	키스신	kiss scene	그 영화 키스신이 화제래.
향기#0	향기	scent, fragrance	이 샴푸 향기 정말 좋다.
향기#1	향기	scent, fragrance	꽃 향기가 교실까지 났어요.
환상#0	환상	fantasy, illusion	서울 생활에 대한 환상이 있었어.
환상#1	환상	fantasy, illusion	이 노래는 환상적이에요.
가르치다#0	가르치다	to teach	형이 나한테 수학을 가르쳐 줬어.
가르치다#1	가르치다	to teach	우리 엄마는 초등학교에서 가르치세요.
-거든(요)#0	-거든(요)	you see, (it's) because	오늘은 못 가요. 시험이 있거든요.
-거든(요)#1	-거든(요)	you see, (it's) because	이 집 떡볶이 맛있거든요.
-(으)ㄹ 때(까지)#0	-(으)ㄹ 때(까지)	when; until	피곤할 때는 일찍 자.
-(으)ㄹ 때(까지)#1	-(으)ㄹ 때(까지)	when; until	엄마 올 때까지 기다리자.
-(이)라서/-(이)라#0	-(이)라서/-(이)라	because it is N	방학이라서 늦잠을 잤어요.
-(이)라서/-(이)라#1	-(이)라서/-(이)라	because it is N	시험 기간이라 못 놀아.
-냐#0	-냐	casual/blunt question ending	야, 너 수학 숙제 다 했냐?
-냐#1	-냐	casual/blunt question ending	수업 시작했는데 너 지금 어디냐?
그렇지만#0	그렇지만	but, however	배는 고프다. 그렇지만 먹을 시간이 없어.
그렇지만#1	그렇지만	but, however	어려웠어요. 그렇지만 포기하지 않았어요.
배우다#0	배우다	to learn	요즘 기타를 배우고 있어요.
배우다#1	배우다	to learn	오늘 수업에서 새 단어를 많이 배웠어.
심화반#0	심화반	advanced class	수학 심화반에 들어가게 됐어.
심화반#1	심화반	advanced class	심화반은 숙제가 훨씬 많아요.
-(으)ㄴ가?#0	-(으)ㄴ가?	is it that...? (wondering)	교실이 오늘 좀 추운가?
-(으)ㄴ가?#1	-(으)ㄴ가?	is it that...? (wondering)	내가 너무 많이 먹었나?
-(으)면 되다#0	-(으)면 되다	you just have to	여기에 이름만 쓰면 돼요.
-(으)면 되다#1	-(으)면 되다	you just have to	모르면 나한테 물어보면 돼.
-는데도#0	-는데도	even though	열심히 공부했는데도 점수가 낮아.
-는데도#1	-는데도	even though	밥을 먹었는데도 또 배고파요.
-아/어 달라(고 하다)#0	-아/어 달라(고 하다)	ask someone to do for me	친구가 노트를 빌려 달라고 했어.
-아/어 달라(고 하다)#1	-아/어 달라(고 하다)	ask someone to do for me	동생이 숙제를 도와 달래요.
N 같이#0	N 같이	like N	우리 선생님은 엄마같이 다정해.
N 같이#1	N 같이	like N	너 오늘 꼭 아이돌같이 멋있다.
N밖에 없다#0	N밖에 없다	nothing but N, only N	지갑에 천 원밖에 없어.
N밖에 없다#1	N밖에 없다	nothing but N, only N	믿을 사람은 너밖에 없어.
간이 크다#0	간이 크다	to be bold, have guts	시험 전날에 게임을 하다니 간이 크다.
간이 크다#1	간이 크다	to be bold, have guts	선생님한테 그렇게 말하다니 간도 크네.
관심#0	관심	interest	요즘 사진에 관심이 생겼어.
관심#1	관심	interest	그 동아리에 관심 있어요?
그러니까#0	그러니까	so, that's why	비 와. 그러니까 우산 가져가.
그러니까#1	그러니까	so, that's why	그러니까 내 말은 그게 아니야.
꼬시다#0	꼬시다	to hit on, win over (slang)	친구를 꼬셔서 같이 학원 빠졌어.
꼬시다#1	꼬시다	to hit on, win over (slang)	동생을 과자로 꼬셔서 심부름 시켰어.
너무하다#0	너무하다	to be too much, unfair	숙제를 하루에 다 하라니 너무해요.
너무하다#1	너무하다	to be too much, unfair	나만 빼고 놀러 가다니 너무하다.
농담#0	농담	joke	농담이야, 화내지 마.
농담#1	농담	joke	그 선생님은 수업 중에 농담을 잘해요.
도망가다#0	도망가다	to run away	고양이가 놀라서 도망갔어.
도망가다#1	도망가다	to run away	청소 당번인데 몰래 도망가면 어떡해?
돕다#0	돕다	to help	친구가 이사하는 걸 도왔어요.
돕다#1	돕다	to help	어려운 일 있으면 내가 도울게.
드리다#0	드리다	to give (hon.)	선생님께 편지를 드렸어요.
드리다#1	드리다	to give (hon.)	할머니께 용돈을 드렸어.
목표#0	목표	target; goal	이번 학기 목표는 전교 십 등이야.
목표#1	목표	target; goal	공을 목표에 맞혔어요.
무지#0	무지	very, extremely (colloquial)	에어컨이 고장 나서 오늘 무지 더워.
무지#1	무지	very, extremely (colloquial)	그 영화 무지 재밌어요.
미안하다#0	미안하다	sorry	약속 못 지켜서 정말 미안해.
미안하다#1	미안하다	sorry	늦게 연락해서 미안해요.
방금#0	방금	just now	아깝다, 방금 버스 떠났어.
방금#1	방금	just now	방금 뭐라고 했어요?
법#0	법	law; way	그런 법이 어디 있어?
법#1	법	law; way	이 게임 하는 법 좀 알려 줘.
부모님#0	부모님	parents	이번 주말에 부모님이랑 여행 가요.
부모님#1	부모님	parents	성적표를 부모님께 보여 드렸어.
사고#0	사고	accident	학교 앞에서 교통사고가 났어요.
사고#1	사고	accident	조심해, 사고 나면 큰일이야.
상위#0	상위	top ranks, upper level	이번 시험에서 상위 십 퍼센트에 들었어.
상위#1	상위	top ranks, upper level	상위권 학생들은 정말 열심히 해요.
서로#0	서로	each other	우리는 서로 비밀이 없어.
서로#1	서로	each other	서로 도우면서 공부해요.
실은#0	실은	actually, in fact	실은 나 숙제 안 했어.
실은#1	실은	actually, in fact	실은 그 영화 별로였어요.
아시다시피#0	아시다시피	as you know (honorific)	아시다시피 내일은 시험이 있습니다.
아시다시피#1	아시다시피	as you know (honorific)	아시다시피 저는 영어를 잘 못해요.
엮이다#0	엮이다	to get tangled up with	그 사람이랑은 엮이고 싶지 않아.
엮이다#1	엮이다	to get tangled up with	이상한 일에 엮여서 혼났어요.
욕먹다#0	욕먹다	to get criticized, bad-mouthed	지각해서 선생님한테 욕먹었어.
욕먹다#1	욕먹다	to get criticized, bad-mouthed	청소 안 하면 친구들한테 욕먹어.
이상하다#0	이상하다	to be strange	오늘 핸드폰이 좀 이상해.
이상하다#1	이상하다	to be strange	이상한 소리가 들려요.
적#0	적	enemy	친구가 갑자기 적이 된 것 같아.
적#1	적	enemy	나는 반장을 해 본 적이 없어.
제일#0	제일	the most; first	우리 반에서 네가 제일 키가 커.
제일#1	제일	the most; first	저는 여름이 제일 좋아요.
쫓겨나다#0	쫓겨나다	to be kicked out	떠들다가 교실에서 쫓겨났어.
쫓겨나다#1	쫓겨나다	to be kicked out	늦게 들어가서 집에서 쫓겨날 뻔했어.
하루#0	하루	one day	하루 종일 비가 왔어요.
하루#1	하루	one day	하루만 더 생각해 볼게.
합격률#0	합격률	pass rate, acceptance rate	그 학원은 합격률이 높대요.
합격률#1	합격률	pass rate, acceptance rate	올해 시험 합격률이 많이 떨어졌어.
홀랑#0	홀랑	completely, all of it	동생이 내 과자를 홀랑 먹었어.
홀랑#1	홀랑	completely, all of it	용돈을 하루 만에 홀랑 다 썼어.
